torneio,continente,x,y,gol
Copa América 2024,América do Sul,88.9,51.5,False
Copa América 2024,América do Sul,97.2,37.1,False
Copa América 2024,América do Sul,97.3,41.2,False
Copa América 2024,América do Sul,92.0,51.3,True
Copa América 2024,América do Sul,111.9,27.2,False
Copa América 2024,América do Sul,95.7,46.7,False
Copa América 2024,América do Sul,101.7,3.3,False
Copa América 2024,América do Sul,101.8,51.4,False
Copa América 2024,América do Sul,113.5,33.9,False
Copa América 2024,América do Sul,101.0,28.7,False
Copa América 2024,América do Sul,109.7,48.2,True
Copa América 2024,América do Sul,114.2,37.1,False
Copa América 2024,América do Sul,98.2,57.7,False
Copa América 2024,América do Sul,106.3,45.1,False
Copa América 2024,América do Sul,97.0,52.3,False
Copa América 2024,América do Sul,96.0,46.9,False
Copa América 2024,América do Sul,113.2,35.5,False
Copa América 2024,América do Sul,105.8,54.1,False
Copa América 2024,América do Sul,111.5,47.4,False
Copa América 2024,América do Sul,96.8,42.3,False
Copa América 2024,América do Sul,99.2,48.8,False
Copa América 2024,América do Sul,106.1,29.6,False
Copa América 2024,América do Sul,112.8,39.4,False
Copa América 2024,América do Sul,100.5,18.8,False
Copa América 2024,América do Sul,93.0,43.8,False
Copa América 2024,América do Sul,113.0,40.7,False
Copa América 2024,América do Sul,106.3,44.5,False
Copa América 2024,América do Sul,103.1,43.0,False
Copa América 2024,América do Sul,104.0,57.7,False
Copa América 2024,América do Sul,98.9,44.1,False
Copa América 2024,América do Sul,97.0,48.7,False
Copa América 2024,América do Sul,102.9,40.4,False
Copa América 2024,América do Sul,90.2,26.7,False
Copa América 2024,América do Sul,102.6,39.3,False
Copa América 2024,América do Sul,116.3,44.8,True
Copa América 2024,América do Sul,110.9,36.5,True
Copa América 2024,América do Sul,100.5,44.2,False
Copa América 2024,América do Sul,97.8,36.0,False
Copa América 2024,América do Sul,98.4,43.9,False
Copa América 2024,América do Sul,106.4,32.3,False
Copa América 2024,América do Sul,107.7,57.7,False
Copa América 2024,América do Sul,91.2,29.9,False
Copa América 2024,América do Sul,102.7,40.2,True
Copa América 2024,América do Sul,100.3,63.7,False
Copa América 2024,América do Sul,101.7,29.2,False
Copa América 2024,América do Sul,108.0,38.8,False
Copa América 2024,América do Sul,118.1,42.3,True
Copa América 2024,América do Sul,104.9,35.0,False
Copa América 2024,América do Sul,80.9,48.3,False
Copa América 2024,América do Sul,105.4,36.0,False
Copa América 2024,América do Sul,99.3,37.5,False
Copa América 2024,América do Sul,100.3,54.1,False
Copa América 2024,América do Sul,109.8,51.6,False
Copa América 2024,América do Sul,110.5,30.7,True
Copa América 2024,América do Sul,108.6,37.9,False
Copa América 2024,América do Sul,109.2,20.5,False
Copa América 2024,América do Sul,110.7,28.7,False
Copa América 2024,América do Sul,107.1,29.8,False
Copa América 2024,América do Sul,53.0,33.8,False
Copa América 2024,América do Sul,93.1,52.8,False
Copa América 2024,América do Sul,115.3,29.2,False
Copa América 2024,América do Sul,108.0,35.2,False
Copa América 2024,América do Sul,105.9,34.9,False
Copa América 2024,América do Sul,111.4,29.2,False
Copa América 2024,América do Sul,110.4,45.4,True
Copa América 2024,América do Sul,105.4,43.8,True
Copa América 2024,América do Sul,117.3,44.9,True
Copa América 2024,América do Sul,113.8,36.2,False
Copa América 2024,América do Sul,100.8,56.5,False
Copa América 2024,América do Sul,104.4,47.5,False
Copa América 2024,América do Sul,109.5,45.2,False
Copa América 2024,América do Sul,105.1,53.0,False
Copa América 2024,América do Sul,94.2,30.6,False
Copa América 2024,América do Sul,112.5,43.7,False
Copa América 2024,América do Sul,100.1,56.7,False
Copa América 2024,América do Sul,100.6,41.8,False
Copa América 2024,América do Sul,110.3,44.0,False
Copa América 2024,América do Sul,94.4,36.4,False
Copa América 2024,América do Sul,81.2,59.4,False
Copa América 2024,América do Sul,101.2,34.0,False
Copa América 2024,América do Sul,108.7,34.9,False
Copa América 2024,América do Sul,117.6,35.1,False
Copa América 2024,América do Sul,110.1,30.8,False
Copa América 2024,América do Sul,115.4,29.1,False
Copa América 2024,América do Sul,111.9,37.6,False
Copa América 2024,América do Sul,113.1,16.4,False
Copa América 2024,América do Sul,109.7,34.0,False
Copa América 2024,América do Sul,105.9,33.7,False
Copa América 2024,América do Sul,102.8,53.6,False
Copa América 2024,América do Sul,115.6,43.0,False
Copa América 2024,América do Sul,111.5,46.7,False
Copa América 2024,América do Sul,98.5,32.0,False
Copa América 2024,América do Sul,94.7,40.5,False
Copa América 2024,América do Sul,113.8,54.5,False
Copa América 2024,América do Sul,86.1,40.5,False
Copa América 2024,América do Sul,94.3,46.3,False
Copa América 2024,América do Sul,107.5,21.4,False
Copa América 2024,América do Sul,107.9,33.1,False
Copa América 2024,América do Sul,107.5,44.2,False
Copa América 2024,América do Sul,108.1,40.1,True
Copa América 2024,América do Sul,103.9,23.0,False
Copa América 2024,América do Sul,101.1,51.8,False
Copa América 2024,América do Sul,104.6,38.4,False
Copa América 2024,América do Sul,110.5,41.8,False
Copa América 2024,América do Sul,116.1,36.9,True
Copa América 2024,América do Sul,99.5,46.7,False
Copa América 2024,América do Sul,101.2,49.6,False
Copa América 2024,América do Sul,102.7,46.0,False
Copa América 2024,América do Sul,103.0,33.4,False
Copa América 2024,América do Sul,103.3,22.5,False
Copa América 2024,América do Sul,97.3,47.9,False
Copa América 2024,América do Sul,115.6,34.9,False
Copa América 2024,América do Sul,96.7,22.6,False
Copa América 2024,América do Sul,110.4,30.5,True
Copa América 2024,América do Sul,98.4,60.6,False
Copa América 2024,América do Sul,87.7,42.5,False
Copa América 2024,América do Sul,110.4,35.1,False
Copa América 2024,América do Sul,118.4,29.3,False
Copa América 2024,América do Sul,102.6,58.8,False
Copa América 2024,América do Sul,99.5,47.2,False
Copa América 2024,América do Sul,97.9,23.9,False
Copa América 2024,América do Sul,100.4,37.0,False
Copa América 2024,América do Sul,91.7,43.1,False
Copa América 2024,América do Sul,116.2,49.3,False
Copa América 2024,América do Sul,114.9,31.8,False
Copa América 2024,América do Sul,95.1,30.9,False
Copa América 2024,América do Sul,100.2,28.1,False
Copa América 2024,América do Sul,95.3,38.5,False
Copa América 2024,América do Sul,110.2,51.5,False
Copa América 2024,América do Sul,103.2,32.1,False
Copa América 2024,América do Sul,113.0,37.3,False
Copa América 2024,América do Sul,106.4,26.4,False
Copa América 2024,América do Sul,96.9,38.5,False
Copa América 2024,América do Sul,104.0,38.8,False
Copa América 2024,América do Sul,84.3,44.7,False
Copa América 2024,América do Sul,107.6,49.2,False
Copa América 2024,América do Sul,113.3,44.5,False
Copa América 2024,América do Sul,118.1,41.4,False
Copa América 2024,América do Sul,112.6,34.3,True
Copa América 2024,América do Sul,112.0,37.3,False
Copa América 2024,América do Sul,86.7,49.1,False
Copa América 2024,América do Sul,92.8,56.0,False
Copa América 2024,América do Sul,108.3,47.0,False
Copa América 2024,América do Sul,114.7,41.7,False
Copa América 2024,América do Sul,98.6,18.2,False
Copa América 2024,América do Sul,115.8,31.4,False
Copa América 2024,América do Sul,112.5,37.6,False
Copa América 2024,América do Sul,104.4,39.6,False
Copa América 2024,América do Sul,94.4,40.4,False
Copa América 2024,América do Sul,94.8,35.4,False
Copa América 2024,América do Sul,100.0,21.8,False
Copa América 2024,América do Sul,112.4,46.8,True
Copa América 2024,América do Sul,110.8,45.0,True
Copa América 2024,América do Sul,103.9,31.5,False
Copa América 2024,América do Sul,100.2,50.0,False
Copa América 2024,América do Sul,96.1,25.4,False
Copa América 2024,América do Sul,115.4,45.2,True
Copa América 2024,América do Sul,97.1,21.3,False
Copa América 2024,América do Sul,112.1,51.4,False
Copa América 2024,América do Sul,109.3,52.2,False
Copa América 2024,América do Sul,107.2,41.9,False
Copa América 2024,América do Sul,92.3,53.6,False
Copa América 2024,América do Sul,91.1,41.6,False
Copa América 2024,América do Sul,102.7,23.1,True
Copa América 2024,América do Sul,102.6,3.0,False
Copa América 2024,América do Sul,114.5,50.7,False
Copa América 2024,América do Sul,92.1,36.5,False
Copa América 2024,América do Sul,116.4,28.7,False
Copa América 2024,América do Sul,114.4,32.0,False
Copa América 2024,América do Sul,104.2,41.0,False
Copa América 2024,América do Sul,103.5,28.9,True
Copa América 2024,América do Sul,98.9,33.5,False
Copa América 2024,América do Sul,111.0,56.7,False
Copa América 2024,América do Sul,91.5,43.0,False
Copa América 2024,América do Sul,95.9,42.8,False
Copa América 2024,América do Sul,104.1,31.9,False
Copa América 2024,América do Sul,112.7,39.2,False
Copa América 2024,América do Sul,110.0,28.7,False
Copa América 2024,América do Sul,112.5,51.2,False
Copa América 2024,América do Sul,94.5,38.3,False
Copa América 2024,América do Sul,104.7,36.2,False
Copa América 2024,América do Sul,103.0,37.6,False
Copa América 2024,América do Sul,96.9,28.5,False
Copa América 2024,América do Sul,101.1,28.7,False
Copa América 2024,América do Sul,95.5,29.4,False
Copa América 2024,América do Sul,93.6,32.2,False
Copa América 2024,América do Sul,114.1,38.9,False
Copa América 2024,América do Sul,115.7,37.4,False
Copa América 2024,América do Sul,104.5,28.8,False
Copa América 2024,América do Sul,108.8,56.0,False
Copa América 2024,América do Sul,91.1,30.1,False
Copa América 2024,América do Sul,107.4,36.3,False
Copa América 2024,América do Sul,96.1,60.0,False
Copa América 2024,América do Sul,100.2,57.6,False
Copa América 2024,América do Sul,107.6,40.7,False
Copa América 2024,América do Sul,105.3,28.3,False
Copa América 2024,América do Sul,106.1,47.0,True
Copa América 2024,América do Sul,90.2,30.5,False
Copa América 2024,América do Sul,107.3,45.2,False
Copa América 2024,América do Sul,108.0,40.0,False
Copa América 2024,América do Sul,107.7,42.3,False
Copa América 2024,América do Sul,103.7,26.5,False
Copa América 2024,América do Sul,107.0,29.6,False
Copa América 2024,América do Sul,107.3,32.6,True
Copa América 2024,América do Sul,108.2,34.1,False
Copa América 2024,América do Sul,63.9,34.8,False
Copa América 2024,América do Sul,99.6,29.9,False
Copa América 2024,América do Sul,105.1,42.1,False
Copa América 2024,América do Sul,106.3,45.1,False
Copa América 2024,América do Sul,99.5,36.4,False
Copa América 2024,América do Sul,115.0,45.2,False
Copa América 2024,América do Sul,112.2,40.6,False
Copa América 2024,América do Sul,101.9,27.7,False
Copa América 2024,América do Sul,103.5,60.5,False
Copa América 2024,América do Sul,93.7,31.1,False
Copa América 2024,América do Sul,86.7,36.2,False
Copa América 2024,América do Sul,100.5,49.1,False
Copa América 2024,América do Sul,87.8,51.5,False
Copa América 2024,América do Sul,100.2,36.6,False
Copa América 2024,América do Sul,108.7,27.3,False
Copa América 2024,América do Sul,111.8,44.2,False
Copa América 2024,América do Sul,100.2,35.8,False
Copa América 2024,América do Sul,93.1,52.8,False
Copa América 2024,América do Sul,102.7,42.7,False
Copa América 2024,América do Sul,99.0,51.7,False
Copa América 2024,América do Sul,96.3,21.5,False
Copa América 2024,América do Sul,111.6,44.3,False
Copa América 2024,América do Sul,105.2,25.9,False
Copa América 2024,América do Sul,91.9,30.2,False
Copa América 2024,América do Sul,109.9,52.6,False
Copa América 2024,América do Sul,100.1,22.4,False
Copa América 2024,América do Sul,105.0,32.5,False
Copa América 2024,América do Sul,101.5,47.4,False
Copa América 2024,América do Sul,101.7,34.0,True
Copa América 2024,América do Sul,94.5,20.9,False
Copa América 2024,América do Sul,85.5,34.4,False
Copa América 2024,América do Sul,83.4,41.0,False
Copa América 2024,América do Sul,94.5,49.2,False
Copa América 2024,América do Sul,100.8,50.6,False
Copa América 2024,América do Sul,91.0,53.9,False
Copa América 2024,América do Sul,104.8,51.0,False
Copa América 2024,América do Sul,113.2,33.7,False
Copa América 2024,América do Sul,105.6,32.7,False
Copa América 2024,América do Sul,100.3,24.3,False
Copa América 2024,América do Sul,99.3,48.8,False
Copa América 2024,América do Sul,95.7,55.6,False
Copa América 2024,América do Sul,104.9,37.4,False
Copa América 2024,América do Sul,103.5,45.3,False
Copa América 2024,América do Sul,111.3,38.2,False
Copa América 2024,América do Sul,105.9,27.5,False
Copa América 2024,América do Sul,99.6,31.2,False
Copa América 2024,América do Sul,112.2,29.6,False
Copa América 2024,América do Sul,100.2,24.1,False
Copa América 2024,América do Sul,101.7,36.0,False
Copa América 2024,América do Sul,99.9,57.4,False
Copa América 2024,América do Sul,108.0,40.0,True
Copa América 2024,América do Sul,84.0,37.6,False
Copa América 2024,América do Sul,90.6,37.8,False
Copa América 2024,América do Sul,106.5,54.9,False
Copa América 2024,América do Sul,101.8,48.9,False
Copa América 2024,América do Sul,110.6,47.5,False
Copa América 2024,América do Sul,108.1,40.1,False
Copa América 2024,América do Sul,107.3,54.6,False
Copa América 2024,América do Sul,114.8,45.7,False
Copa América 2024,América do Sul,108.6,47.7,False
Copa América 2024,América do Sul,118.0,45.9,False
Copa América 2024,América do Sul,113.2,39.7,False
Copa América 2024,América do Sul,112.4,41.6,False
Copa América 2024,América do Sul,96.5,57.7,False
Copa América 2024,América do Sul,98.2,37.5,False
Copa América 2024,América do Sul,102.0,57.9,False
Copa América 2024,América do Sul,94.3,30.3,False
Copa América 2024,América do Sul,92.6,34.4,False
Copa América 2024,América do Sul,90.8,31.2,False
Copa América 2024,América do Sul,104.5,29.2,False
Copa América 2024,América do Sul,113.3,75.6,False
Copa América 2024,América do Sul,111.6,34.7,False
Copa América 2024,América do Sul,113.5,47.2,False
Copa América 2024,América do Sul,104.8,34.1,False
Copa América 2024,América do Sul,96.4,50.2,False
Copa América 2024,América do Sul,103.2,38.2,False
Copa América 2024,América do Sul,114.7,23.3,False
Copa América 2024,América do Sul,94.9,36.3,False
Copa América 2024,América do Sul,111.3,39.8,False
Copa América 2024,América do Sul,115.7,27.6,False
Copa América 2024,América do Sul,117.7,45.4,False
Copa América 2024,América do Sul,88.9,48.5,False
Copa América 2024,América do Sul,96.3,39.6,False
Copa América 2024,América do Sul,95.3,29.9,False
Copa América 2024,América do Sul,117.8,49.8,False
Copa América 2024,América do Sul,101.8,60.9,False
Copa América 2024,América do Sul,84.5,36.4,False
Copa América 2024,América do Sul,99.3,54.0,False
Copa América 2024,América do Sul,97.1,42.3,False
Copa América 2024,América do Sul,99.0,55.2,False
Copa América 2024,América do Sul,104.4,45.0,False
Copa América 2024,América do Sul,112.7,47.5,False
Copa América 2024,América do Sul,104.4,33.1,False
Copa América 2024,América do Sul,104.1,52.4,False
Copa América 2024,América do Sul,107.5,33.5,False
Copa América 2024,América do Sul,110.5,48.9,False
Copa América 2024,América do Sul,99.3,54.6,False
Copa América 2024,América do Sul,99.0,42.3,False
Copa América 2024,América do Sul,108.4,30.0,False
Copa América 2024,América do Sul,79.8,29.1,False
Copa América 2024,América do Sul,109.2,35.4,False
Copa América 2024,América do Sul,116.1,36.2,True
Copa América 2024,América do Sul,42.6,12.1,False
Copa América 2024,América do Sul,102.1,41.5,False
Copa América 2024,América do Sul,98.4,48.2,False
Copa América 2024,América do Sul,109.2,42.3,False
Copa América 2024,América do Sul,106.4,34.7,False
Copa América 2024,América do Sul,102.7,32.8,False
Copa América 2024,América do Sul,107.9,44.4,False
Copa América 2024,América do Sul,95.1,35.1,False
Copa América 2024,América do Sul,108.9,51.3,False
Copa América 2024,América do Sul,102.7,46.2,False
Copa América 2024,América do Sul,108.4,33.0,False
Copa América 2024,América do Sul,94.6,44.0,False
Copa América 2024,América do Sul,114.3,17.3,False
Copa América 2024,América do Sul,94.0,43.5,False
Copa América 2024,América do Sul,97.7,31.5,False
Copa América 2024,América do Sul,112.8,43.6,False
Copa América 2024,América do Sul,50.9,32.5,False
Copa América 2024,América do Sul,114.7,40.1,False
Copa América 2024,América do Sul,107.4,35.1,False
Copa América 2024,América do Sul,98.8,29.3,False
Copa América 2024,América do Sul,108.0,40.0,False
Copa América 2024,América do Sul,109.7,48.2,True
Copa América 2024,América do Sul,102.0,27.1,False
Copa América 2024,América do Sul,111.2,39.3,False
Copa América 2024,América do Sul,99.5,40.4,False
Copa América 2024,América do Sul,112.6,29.0,False
Copa América 2024,América do Sul,116.3,44.7,True
Copa América 2024,América do Sul,94.1,40.2,False
Copa América 2024,América do Sul,114.7,32.6,True
Copa América 2024,América do Sul,92.7,28.3,False
Copa América 2024,América do Sul,92.9,47.3,True
Copa América 2024,América do Sul,103.8,18.7,False
Copa América 2024,América do Sul,89.8,47.8,False
Copa América 2024,América do Sul,80.4,25.3,False
Copa América 2024,América do Sul,102.1,52.4,False
Copa América 2024,América do Sul,108.1,40.1,True
Copa América 2024,América do Sul,93.2,48.1,False
Copa América 2024,América do Sul,98.1,46.4,False
Copa América 2024,América do Sul,108.6,35.9,False
Copa América 2024,América do Sul,103.2,26.5,False
Copa América 2024,América do Sul,106.9,46.0,False
Copa América 2024,América do Sul,106.5,56.6,False
Copa América 2024,América do Sul,90.9,50.1,False
Copa América 2024,América do Sul,99.0,33.2,False
Copa América 2024,América do Sul,95.6,44.7,False
Copa América 2024,América do Sul,100.7,41.0,False
Copa América 2024,América do Sul,109.3,37.6,False
Copa América 2024,América do Sul,114.0,34.3,False
Copa América 2024,América do Sul,115.8,41.9,False
Copa América 2024,América do Sul,115.1,54.2,False
Copa América 2024,América do Sul,102.8,41.1,False
Copa América 2024,América do Sul,80.8,43.5,False
Copa América 2024,América do Sul,100.0,41.6,False
Copa América 2024,América do Sul,99.5,49.6,False
Copa América 2024,América do Sul,104.2,39.3,True
Copa América 2024,América do Sul,98.8,53.7,False
Copa América 2024,América do Sul,91.3,43.0,False
Copa América 2024,América do Sul,111.3,42.7,False
Copa América 2024,América do Sul,56.4,11.8,False
Copa América 2024,América do Sul,103.1,36.9,False
Copa América 2024,América do Sul,103.3,50.0,True
Copa América 2024,América do Sul,111.0,38.1,False
Copa América 2024,América do Sul,117.4,46.2,True
Copa América 2024,América do Sul,113.4,38.6,False
Copa América 2024,América do Sul,100.1,51.5,False
Copa América 2024,América do Sul,100.3,53.9,False
Copa América 2024,América do Sul,107.8,30.9,False
Copa América 2024,América do Sul,96.5,39.0,False
Copa América 2024,América do Sul,114.8,46.5,False
Copa América 2024,América do Sul,107.6,37.8,False
Copa América 2024,América do Sul,99.7,42.0,False
Copa América 2024,América do Sul,60.7,60.3,False
Copa América 2024,América do Sul,115.1,34.1,False
Copa América 2024,América do Sul,104.3,49.7,True
Copa América 2024,América do Sul,85.8,39.1,False
Copa América 2024,América do Sul,112.6,23.7,False
Copa América 2024,América do Sul,113.6,39.1,False
Copa América 2024,América do Sul,105.3,35.5,False
Copa América 2024,América do Sul,94.0,26.9,False
Copa América 2024,América do Sul,118.3,49.6,False
Copa América 2024,América do Sul,108.5,51.5,False
Copa América 2024,América do Sul,108.0,56.1,False
Copa América 2024,América do Sul,99.8,42.1,False
Copa América 2024,América do Sul,106.4,48.5,False
Copa América 2024,América do Sul,111.3,39.2,False
Copa América 2024,América do Sul,111.9,36.2,False
Copa América 2024,América do Sul,104.5,44.8,False
Copa América 2024,América do Sul,100.5,49.0,False
Copa América 2024,América do Sul,112.3,31.3,False
Copa América 2024,América do Sul,111.1,33.7,False
Copa América 2024,América do Sul,109.8,36.0,False
Copa América 2024,América do Sul,93.4,54.3,False
Copa América 2024,América do Sul,89.5,43.3,False
Copa América 2024,América do Sul,103.1,43.7,False
Copa América 2024,América do Sul,100.4,56.0,False
Copa América 2024,América do Sul,112.4,53.9,False
Copa América 2024,América do Sul,101.0,33.7,False
Copa América 2024,América do Sul,103.0,39.9,False
Copa América 2024,América do Sul,101.5,45.5,False
Copa América 2024,América do Sul,103.8,44.4,False
Copa América 2024,América do Sul,107.5,42.3,False
Copa América 2024,América do Sul,112.3,40.4,True
Copa América 2024,América do Sul,93.6,29.1,True
Copa América 2024,América do Sul,94.4,46.3,False
Copa América 2024,América do Sul,92.9,34.2,False
Copa América 2024,América do Sul,95.9,44.3,False
Copa América 2024,América do Sul,94.4,50.6,False
Copa América 2024,América do Sul,110.4,46.0,False
Copa América 2024,América do Sul,104.4,26.3,True
Copa América 2024,América do Sul,83.6,35.5,False
Copa América 2024,América do Sul,100.3,41.3,False
Copa América 2024,América do Sul,107.6,25.3,False
Copa América 2024,América do Sul,114.9,32.7,False
Copa América 2024,América do Sul,89.0,28.5,False
Copa América 2024,América do Sul,96.8,46.7,False
Copa América 2024,América do Sul,96.4,38.0,False
Copa América 2024,América do Sul,108.2,44.7,False
Copa América 2024,América do Sul,114.3,46.8,False
Copa América 2024,América do Sul,115.6,38.4,False
Copa América 2024,América do Sul,113.9,38.2,False
Copa América 2024,América do Sul,113.9,41.0,True
Copa América 2024,América do Sul,101.4,44.2,False
Copa América 2024,América do Sul,108.1,40.1,True
Copa América 2024,América do Sul,104.1,29.5,False
Copa América 2024,América do Sul,112.9,39.2,False
Copa América 2024,América do Sul,111.0,29.9,False
Copa América 2024,América do Sul,107.7,26.9,False
Copa América 2024,América do Sul,83.4,47.2,False
Copa América 2024,América do Sul,96.7,38.1,False
Copa América 2024,América do Sul,92.8,41.2,False
Copa América 2024,América do Sul,97.2,39.6,True
Copa América 2024,América do Sul,110.6,57.2,False
Copa América 2024,América do Sul,92.2,52.8,False
Copa América 2024,América do Sul,95.4,27.0,False
Copa América 2024,América do Sul,92.1,54.5,True
Copa América 2024,América do Sul,91.4,34.0,False
Copa América 2024,América do Sul,107.4,39.6,False
Copa América 2024,América do Sul,96.1,50.0,False
Copa América 2024,América do Sul,98.0,24.7,False
Copa América 2024,América do Sul,101.6,44.7,False
Copa América 2024,América do Sul,108.0,40.0,True
Copa América 2024,América do Sul,105.6,44.0,False
Copa América 2024,América do Sul,98.6,25.2,False
Copa América 2024,América do Sul,105.5,47.3,False
Copa América 2024,América do Sul,113.4,38.7,False
Copa América 2024,América do Sul,106.2,36.8,False
Copa América 2024,América do Sul,108.3,39.0,False
Copa América 2024,América do Sul,85.6,34.4,False
Copa América 2024,América do Sul,112.5,42.5,False
Copa América 2024,América do Sul,106.1,32.5,False
Copa América 2024,América do Sul,83.5,48.0,False
Copa América 2024,América do Sul,108.1,39.3,False
Copa América 2024,América do Sul,105.5,57.6,False
Copa América 2024,América do Sul,110.9,25.6,False
Copa América 2024,América do Sul,98.9,24.9,False
Copa América 2024,América do Sul,114.8,44.1,False
Copa América 2024,América do Sul,107.2,35.0,False
Copa América 2024,América do Sul,107.5,24.9,False
Copa América 2024,América do Sul,88.5,38.1,False
Copa América 2024,América do Sul,109.6,41.5,False
Copa América 2024,América do Sul,94.8,24.9,False
Copa América 2024,América do Sul,111.1,42.0,False
Copa América 2024,América do Sul,110.1,35.3,False
Copa América 2024,América do Sul,90.2,41.4,False
Copa América 2024,América do Sul,118.6,31.5,False
Copa América 2024,América do Sul,94.3,39.6,False
Copa América 2024,América do Sul,108.5,27.6,False
Copa América 2024,América do Sul,105.5,52.1,True
Copa América 2024,América do Sul,87.6,49.0,False
Copa América 2024,América do Sul,30.2,42.3,False
Copa América 2024,América do Sul,113.8,36.7,False
Copa América 2024,América do Sul,90.6,23.8,False
Copa América 2024,América do Sul,110.9,37.1,False
Copa América 2024,América do Sul,113.9,30.9,True
Copa América 2024,América do Sul,110.4,27.0,False
Copa América 2024,América do Sul,96.8,21.9,False
Copa América 2024,América do Sul,111.7,33.7,False
Copa América 2024,América do Sul,114.8,36.2,True
Copa América 2024,América do Sul,106.3,34.3,False
Copa América 2024,América do Sul,99.0,32.8,False
Copa América 2024,América do Sul,113.0,50.2,False
Copa América 2024,América do Sul,113.2,38.2,False
Copa América 2024,América do Sul,108.5,41.8,False
Copa América 2024,América do Sul,109.2,42.4,False
Copa América 2024,América do Sul,107.4,41.9,False
Copa América 2024,América do Sul,112.5,34.2,False
Copa América 2024,América do Sul,109.3,50.2,False
Copa América 2024,América do Sul,104.7,22.6,False
Copa América 2024,América do Sul,94.4,32.0,False
Copa América 2024,América do Sul,109.4,38.8,False
Copa América 2024,América do Sul,108.2,44.4,False
Copa América 2024,América do Sul,102.7,53.9,False
Copa América 2024,América do Sul,94.8,48.8,False
Copa América 2024,América do Sul,107.2,45.2,True
Copa América 2024,América do Sul,111.0,34.8,False
Copa América 2024,América do Sul,112.1,51.1,False
Copa América 2024,América do Sul,110.0,38.2,True
Copa América 2024,América do Sul,108.0,40.0,True
Copa América 2024,América do Sul,108.0,40.0,True
Copa América 2024,América do Sul,107.9,40.0,True
Copa América 2024,América do Sul,108.1,40.0,True
Copa América 2024,América do Sul,108.0,40.0,False
Copa América 2024,América do Sul,108.1,40.0,True
Copa América 2024,América do Sul,108.0,40.0,True
Copa América 2024,América do Sul,108.0,40.0,True
Copa América 2024,América do Sul,108.0,40.0,False
Copa América 2024,América do Sul,97.9,53.9,False
Copa América 2024,América do Sul,109.4,46.1,False
Copa América 2024,América do Sul,85.8,39.6,False
Copa América 2024,América do Sul,103.5,44.4,False
Copa América 2024,América do Sul,108.0,55.0,False
Copa América 2024,América do Sul,115.3,24.6,False
Copa América 2024,América do Sul,99.4,38.0,False
Copa América 2024,América do Sul,108.7,37.2,False
Copa América 2024,América do Sul,115.2,33.0,True
Copa América 2024,América do Sul,104.9,50.4,False
Copa América 2024,América do Sul,105.6,27.8,False
Copa América 2024,América do Sul,112.9,43.7,False
Copa América 2024,América do Sul,97.3,48.7,False
Copa América 2024,América do Sul,104.3,45.5,False
Copa América 2024,América do Sul,99.2,30.0,False
Copa América 2024,América do Sul,92.8,43.1,False
Copa América 2024,América do Sul,111.7,38.7,False
Copa América 2024,América do Sul,106.0,45.8,False
Copa América 2024,América do Sul,96.4,28.4,False
Copa América 2024,América do Sul,105.4,41.0,False
Copa América 2024,América do Sul,106.9,35.8,False
Copa América 2024,América do Sul,58.9,68.3,False
Copa América 2024,América do Sul,108.6,25.4,False
Copa América 2024,América do Sul,106.5,26.7,False
Copa América 2024,América do Sul,100.8,48.6,False
Copa América 2024,América do Sul,98.0,44.3,False
Copa América 2024,América do Sul,52.1,51.6,False
Copa América 2024,América do Sul,107.1,42.5,True
Copa América 2024,América do Sul,100.7,58.9,False
Copa América 2024,América do Sul,106.0,26.3,False
Copa América 2024,América do Sul,110.3,50.1,False
Copa América 2024,América do Sul,106.2,34.9,False
Copa América 2024,América do Sul,100.2,35.7,False
Copa América 2024,América do Sul,117.9,46.7,False
Copa América 2024,América do Sul,104.2,38.3,False
Copa América 2024,América do Sul,114.4,41.3,True
Copa América 2024,América do Sul,102.8,50.0,False
Copa América 2024,América do Sul,93.3,44.6,False
Copa América 2024,América do Sul,99.5,42.9,False
Copa América 2024,América do Sul,94.7,46.5,False
Copa América 2024,América do Sul,103.1,35.5,False
Copa América 2024,América do Sul,108.7,41.2,False
Copa América 2024,América do Sul,90.9,50.3,False
Copa América 2024,América do Sul,93.3,35.8,False
Copa América 2024,América do Sul,107.3,36.4,False
Copa América 2024,América do Sul,113.9,42.6,False
Copa América 2024,América do Sul,113.1,36.8,False
Copa América 2024,América do Sul,103.4,44.7,False
Copa América 2024,América do Sul,93.5,46.0,False
Copa América 2024,América do Sul,93.2,61.1,False
Copa América 2024,América do Sul,100.6,40.7,False
Copa América 2024,América do Sul,93.5,53.5,False
Copa América 2024,América do Sul,113.7,51.2,False
Copa América 2024,América do Sul,113.2,42.1,False
Copa América 2024,América do Sul,103.9,20.7,False
Copa América 2024,América do Sul,95.7,31.8,False
Copa América 2024,América do Sul,93.6,58.0,False
Copa América 2024,América do Sul,94.3,43.6,False
Copa América 2024,América do Sul,88.4,34.5,False
Copa América 2024,América do Sul,95.2,44.4,False
Copa América 2024,América do Sul,87.8,37.2,False
Copa América 2024,América do Sul,108.1,40.1,True
Copa América 2024,América do Sul,108.1,40.1,False
Copa América 2024,América do Sul,108.1,40.1,True
Copa América 2024,América do Sul,108.1,40.1,True
Copa América 2024,América do Sul,108.1,40.1,True
Copa América 2024,América do Sul,108.1,40.1,False
Copa América 2024,América do Sul,108.1,40.1,False
Copa América 2024,América do Sul,108.1,40.1,True
Copa América 2024,América do Sul,108.1,40.1,True
Copa América 2024,América do Sul,98.4,25.0,False
Copa América 2024,América do Sul,95.0,47.3,False
Copa América 2024,América do Sul,106.5,39.9,False
Copa América 2024,América do Sul,101.1,37.4,False
Copa América 2024,América do Sul,109.6,37.1,False
Copa América 2024,América do Sul,89.1,31.4,False
Copa América 2024,América do Sul,108.8,43.9,False
Copa América 2024,América do Sul,101.1,26.2,True
Copa América 2024,América do Sul,101.2,21.1,False
Copa América 2024,América do Sul,109.0,43.3,False
Copa América 2024,América do Sul,112.7,33.3,False
Copa América 2024,América do Sul,103.3,36.1,False
Copa América 2024,América do Sul,108.4,42.0,False
Copa América 2024,América do Sul,94.7,34.7,False
Copa América 2024,América do Sul,105.7,44.2,False
Copa América 2024,América do Sul,113.9,35.9,False
Copa América 2024,América do Sul,88.9,25.9,False
Copa América 2024,América do Sul,106.4,54.5,False
Copa América 2024,América do Sul,113.6,48.7,False
Copa América 2024,América do Sul,95.4,49.9,False
Copa América 2024,América do Sul,96.7,29.4,False
Copa América 2024,América do Sul,97.4,43.7,False
Copa América 2024,América do Sul,94.0,25.7,False
Copa América 2024,América do Sul,109.7,50.1,False
Copa América 2024,América do Sul,98.4,27.1,False
Copa América 2024,América do Sul,97.4,32.3,False
Copa América 2024,América do Sul,110.4,32.0,False
Copa América 2024,América do Sul,109.4,33.5,True
Copa América 2024,América do Sul,107.7,41.6,True
Copa América 2024,América do Sul,106.6,52.2,True
Copa América 2024,América do Sul,77.6,60.8,False
Copa América 2024,América do Sul,111.3,54.7,False
Copa América 2024,América do Sul,113.1,45.3,True
Copa América 2024,América do Sul,99.5,49.9,False
Copa América 2024,América do Sul,109.0,41.5,False
Copa América 2024,América do Sul,92.1,44.2,False
Copa América 2024,América do Sul,114.3,34.3,False
Copa América 2024,América do Sul,93.9,36.5,False
Copa América 2024,América do Sul,102.5,40.3,False
Copa América 2024,América do Sul,111.9,38.7,False
Copa América 2024,América do Sul,102.3,41.7,False
Copa América 2024,América do Sul,112.2,44.0,False
Copa América 2024,América do Sul,109.1,17.7,False
Copa América 2024,América do Sul,110.8,52.0,False
Copa América 2024,América do Sul,114.5,34.0,False
Copa América 2024,América do Sul,102.9,32.8,False
Copa América 2024,América do Sul,105.4,44.0,False
Copa América 2024,América do Sul,110.5,48.9,False
Copa América 2024,América do Sul,117.8,27.6,False
Copa América 2024,América do Sul,71.0,33.7,True
Copa América 2024,América do Sul,105.9,28.0,False
Copa América 2024,América do Sul,116.8,27.6,False
Copa América 2024,América do Sul,98.8,22.8,False
Copa América 2024,América do Sul,98.8,37.2,False
Copa América 2024,América do Sul,103.7,29.3,False
Copa América 2024,América do Sul,110.9,24.4,False
Copa América 2024,América do Sul,111.9,48.5,False
Copa América 2024,América do Sul,109.2,27.5,False
Copa América 2024,América do Sul,110.9,58.0,False
Copa América 2024,América do Sul,104.4,51.3,False
Copa América 2024,América do Sul,99.4,31.7,False
Copa América 2024,América do Sul,108.1,40.1,True
Copa América 2024,América do Sul,108.1,40.1,True
Copa América 2024,América do Sul,107.8,40.1,False
Copa América 2024,América do Sul,107.9,40.1,False
Copa América 2024,América do Sul,108.1,40.1,True
Copa América 2024,América do Sul,107.9,40.1,True
Copa América 2024,América do Sul,108.1,40.1,False
Copa América 2024,América do Sul,107.8,40.1,False
Copa América 2024,América do Sul,108.1,40.1,True
Copa América 2024,América do Sul,107.8,40.1,True
Copa América 2024,América do Sul,107.9,40.1,False
Copa América 2024,América do Sul,107.5,40.1,True
Copa América 2024,América do Sul,114.4,31.0,False
Copa América 2024,América do Sul,102.6,37.0,False
Copa América 2024,América do Sul,113.9,48.0,False
Copa América 2024,América do Sul,106.2,36.7,False
Copa América 2024,América do Sul,104.5,50.4,False
Copa América 2024,América do Sul,117.4,34.7,True
Copa América 2024,América do Sul,107.7,29.4,False
Copa América 2024,América do Sul,106.0,33.8,False
Copa América 2024,América do Sul,113.6,30.6,False
Copa América 2024,América do Sul,108.1,40.1,False
Copa América 2024,América do Sul,108.5,29.7,False
Copa América 2024,América do Sul,102.5,36.8,False
Copa América 2024,América do Sul,103.1,39.1,False
Copa América 2024,América do Sul,91.9,38.3,False
Copa América 2024,América do Sul,113.3,25.3,False
Copa América 2024,América do Sul,107.5,45.4,True
Copa América 2024,América do Sul,113.3,37.3,False
Copa América 2024,América do Sul,108.1,40.1,False
Copa América 2024,América do Sul,108.1,40.1,False
Copa América 2024,América do Sul,108.1,40.1,True
Copa América 2024,América do Sul,108.1,40.1,False
Copa América 2024,América do Sul,108.1,40.1,True
Copa América 2024,América do Sul,108.1,40.1,True
Copa América 2024,América do Sul,108.1,40.1,True
Copa América 2024,América do Sul,108.1,40.1,True
Copa América 2024,América do Sul,108.1,40.1,True
Copa América 2024,América do Sul,107.7,47.4,False
Copa América 2024,América do Sul,111.1,43.2,False
Copa América 2024,América do Sul,105.3,35.5,False
Copa América 2024,América do Sul,102.8,50.1,False
Copa América 2024,América do Sul,102.1,63.9,False
Copa América 2024,América do Sul,93.7,24.1,False
Copa América 2024,América do Sul,99.8,35.1,False
Copa América 2024,América do Sul,102.2,36.6,False
Copa América 2024,América do Sul,114.4,35.3,False
Copa América 2024,América do Sul,112.3,41.4,False
Copa América 2024,América do Sul,106.7,54.5,False
Copa América 2024,América do Sul,100.3,45.2,False
Copa América 2024,América do Sul,107.0,39.4,False
Copa América 2024,América do Sul,104.0,20.1,False
Copa América 2024,América do Sul,107.1,56.9,False
Copa América 2024,América do Sul,110.9,49.3,False
Copa América 2024,América do Sul,90.5,49.6,False
Copa América 2024,América do Sul,110.4,38.5,False
Copa América 2024,América do Sul,113.7,43.4,False
Copa América 2024,América do Sul,103.3,33.8,False
Copa América 2024,América do Sul,114.4,37.9,False
Copa América 2024,América do Sul,114.4,37.5,False
Copa América 2024,América do Sul,93.1,30.0,False
Copa América 2024,América do Sul,105.5,33.8,False
Copa América 2024,América do Sul,108.1,40.1,True
Copa América 2024,América do Sul,91.8,51.2,False
Copa América 2024,América do Sul,90.8,54.5,False
Copa América 2024,América do Sul,112.9,35.8,False
Copa América 2024,América do Sul,116.8,40.2,False
Copa América 2024,América do Sul,95.3,45.6,False
Copa América 2024,América do Sul,109.7,34.3,False
Copa América 2024,América do Sul,108.6,29.3,False
Copa América 2024,América do Sul,112.7,40.4,True
Copa América 2024,América do Sul,113.5,51.8,True
Copa América 2024,América do Sul,92.7,34.4,False
Copa América 2024,América do Sul,102.5,40.1,False
Copa América 2024,América do Sul,99.4,43.9,False
Copa América 2024,América do Sul,101.5,44.8,False
Copa América 2024,América do Sul,92.6,43.4,False
Copa América 2024,América do Sul,103.8,55.8,False
Copa América 2024,América do Sul,106.6,42.0,False
Copa América 2024,América do Sul,110.9,39.8,False
Copa América 2024,América do Sul,102.5,26.8,True
Copa América 2024,América do Sul,99.5,43.0,False
Copa América 2024,América do Sul,101.6,37.7,True
Copa América 2024,América do Sul,109.0,54.2,False
Copa América 2024,América do Sul,102.7,40.4,False
Copa América 2024,América do Sul,110.8,44.0,False
Copa América 2024,América do Sul,98.5,51.1,False
Copa América 2024,América do Sul,113.1,39.6,False
Copa América 2024,América do Sul,89.4,46.8,False
Copa América 2024,América do Sul,88.7,47.2,False
Copa América 2024,América do Sul,112.2,22.6,False
Copa América 2024,América do Sul,106.5,51.0,False
Copa América 2024,América do Sul,117.1,35.9,False
Copa América 2024,América do Sul,85.2,33.7,False
Copa América 2024,América do Sul,95.6,51.3,False
Copa América 2024,América do Sul,111.3,45.1,True
Copa América 2024,América do Sul,115.3,33.4,False
Copa América 2024,América do Sul,85.1,26.9,False
Copa América 2024,América do Sul,104.9,42.6,False
Copa América 2024,América do Sul,103.9,43.6,False
Copa América 2024,América do Sul,108.8,34.4,True
Copa América 2024,América do Sul,87.7,40.5,False
Copa América 2024,América do Sul,105.5,25.9,False
Copa América 2024,América do Sul,107.8,32.9,False
Copa América 2024,América do Sul,106.5,36.0,False
Copa América 2024,América do Sul,94.8,29.5,False
Copa América 2024,América do Sul,114.6,58.9,False
Copa América 2024,América do Sul,102.7,50.6,False
Copa América 2024,América do Sul,114.9,35.1,False
Copa América 2024,América do Sul,108.4,46.4,False
Copa América 2024,América do Sul,108.6,32.2,True
Copa América 2024,América do Sul,106.3,42.3,False
Copa América 2024,América do Sul,103.2,37.4,False
Copa América 2024,América do Sul,91.6,53.3,False
Copa América 2024,América do Sul,110.9,36.3,True
Copa América 2024,América do Sul,101.7,53.1,False
Copa América 2024,América do Sul,103.2,42.4,True
Copa América 2024,América do Sul,98.9,28.3,False
Copa América 2024,América do Sul,107.0,23.2,False
Copa América 2024,América do Sul,94.0,25.9,False
Copa América 2024,América do Sul,103.8,30.0,False
Copa América 2024,América do Sul,104.3,45.3,False
Copa América 2024,América do Sul,112.1,52.1,False
Copa América 2024,América do Sul,98.6,45.7,False
Copa América 2024,América do Sul,99.8,32.9,False
Copa América 2024,América do Sul,112.8,48.8,False
Copa América 2024,América do Sul,108.0,42.5,False
Copa América 2024,América do Sul,113.1,40.0,False
Copa América 2024,América do Sul,108.6,33.8,False
Copa América 2024,América do Sul,97.6,50.1,False
Copa América 2024,América do Sul,110.9,20.2,False
Copa América 2024,América do Sul,115.7,50.0,True
Copa América 2024,América do Sul,104.5,36.0,False
Copa América 2024,América do Sul,97.2,56.1,False
Copa América 2024,América do Sul,106.4,26.8,False
Copa América 2024,América do Sul,106.4,35.2,False
Copa América 2024,América do Sul,113.7,45.9,False
Copa América 2024,América do Sul,107.0,26.7,False
Copa América 2024,América do Sul,103.2,47.6,False
Copa América 2024,América do Sul,105.8,45.9,False
Copa América 2024,América do Sul,112.6,38.8,False
Copa América 2024,América do Sul,103.0,35.6,False
Copa América 2024,América do Sul,116.3,39.9,False
Copa América 2024,América do Sul,107.0,44.9,True
Copa América 2024,América do Sul,95.2,55.7,False
Copa América 2024,América do Sul,93.6,42.1,False
UEFA Euro 2024,Europa,103.0,33.9,False
UEFA Euro 2024,Europa,108.6,40.1,False
UEFA Euro 2024,Europa,89.6,25.3,False
UEFA Euro 2024,Europa,99.7,52.2,False
UEFA Euro 2024,Europa,104.7,25.1,False
UEFA Euro 2024,Europa,92.6,20.6,False
UEFA Euro 2024,Europa,109.8,36.7,False
UEFA Euro 2024,Europa,96.7,32.6,False
UEFA Euro 2024,Europa,106.6,35.4,False
UEFA Euro 2024,Europa,107.9,51.7,False
UEFA Euro 2024,Europa,99.2,55.7,False
UEFA Euro 2024,Europa,101.9,56.1,False
UEFA Euro 2024,Europa,111.8,40.5,False
UEFA Euro 2024,Europa,92.3,38.0,False
UEFA Euro 2024,Europa,107.9,20.4,False
UEFA Euro 2024,Europa,107.6,41.8,False
UEFA Euro 2024,Europa,98.3,48.1,True
UEFA Euro 2024,Europa,115.0,30.7,False
UEFA Euro 2024,Europa,108.9,25.4,False
UEFA Euro 2024,Europa,91.3,35.1,False
UEFA Euro 2024,Europa,107.1,16.8,False
UEFA Euro 2024,Europa,106.1,44.5,False
UEFA Euro 2024,Europa,100.6,44.7,False
UEFA Euro 2024,Europa,115.7,36.1,True
UEFA Euro 2024,Europa,110.6,27.7,False
UEFA Euro 2024,Europa,98.1,48.0,False
UEFA Euro 2024,Europa,108.4,41.6,True
UEFA Euro 2024,Europa,107.1,47.2,False
UEFA Euro 2024,Europa,93.4,51.8,False
UEFA Euro 2024,Europa,103.4,50.1,False
UEFA Euro 2024,Europa,111.3,39.9,False
UEFA Euro 2024,Europa,96.0,34.5,True
UEFA Euro 2024,Europa,110.1,51.0,False
UEFA Euro 2024,Europa,105.0,29.0,False
UEFA Euro 2024,Europa,108.6,30.2,False
UEFA Euro 2024,Europa,96.4,50.9,False
UEFA Euro 2024,Europa,111.8,42.5,False
UEFA Euro 2024,Europa,115.5,42.1,True
UEFA Euro 2024,Europa,104.9,35.6,False
UEFA Euro 2024,Europa,108.7,25.6,False
UEFA Euro 2024,Europa,113.3,42.4,False
UEFA Euro 2024,Europa,105.0,49.0,False
UEFA Euro 2024,Europa,91.4,28.3,False
UEFA Euro 2024,Europa,116.5,49.9,False
UEFA Euro 2024,Europa,104.3,41.5,True
UEFA Euro 2024,Europa,113.4,39.5,True
UEFA Euro 2024,Europa,95.8,51.0,False
UEFA Euro 2024,Europa,103.0,47.3,False
UEFA Euro 2024,Europa,98.9,46.6,False
UEFA Euro 2024,Europa,92.2,46.3,False
UEFA Euro 2024,Europa,90.8,50.6,False
UEFA Euro 2024,Europa,114.8,36.2,False
UEFA Euro 2024,Europa,96.9,32.1,False
UEFA Euro 2024,Europa,98.1,35.4,False
UEFA Euro 2024,Europa,89.8,27.7,False
UEFA Euro 2024,Europa,90.5,30.5,False
UEFA Euro 2024,Europa,108.3,38.4,False
UEFA Euro 2024,Europa,95.3,42.9,False
UEFA Euro 2024,Europa,102.6,38.8,False
UEFA Euro 2024,Europa,107.8,35.8,False
UEFA Euro 2024,Europa,98.9,22.2,False
UEFA Euro 2024,Europa,92.8,35.5,False
UEFA Euro 2024,Europa,89.4,52.7,False
UEFA Euro 2024,Europa,115.7,43.3,False
UEFA Euro 2024,Europa,89.8,50.8,False
UEFA Euro 2024,Europa,88.6,43.7,False
UEFA Euro 2024,Europa,112.0,40.9,False
UEFA Euro 2024,Europa,92.3,51.6,False
UEFA Euro 2024,Europa,106.7,23.3,False
UEFA Euro 2024,Europa,97.7,32.1,False
UEFA Euro 2024,Europa,103.2,55.2,False
UEFA Euro 2024,Europa,90.1,44.8,False
UEFA Euro 2024,Europa,91.7,51.0,False
UEFA Euro 2024,Europa,103.9,30.6,False
UEFA Euro 2024,Europa,113.2,41.4,False
UEFA Euro 2024,Europa,106.2,36.1,False
UEFA Euro 2024,Europa,111.3,25.7,False
UEFA Euro 2024,Europa,113.0,33.8,False
UEFA Euro 2024,Europa,99.8,54.3,False
UEFA Euro 2024,Europa,103.4,27.1,False
UEFA Euro 2024,Europa,107.2,26.5,False
UEFA Euro 2024,Europa,108.0,40.0,False
UEFA Euro 2024,Europa,111.3,40.9,False
UEFA Euro 2024,Europa,114.9,35.5,True
UEFA Euro 2024,Europa,107.5,29.9,False
UEFA Euro 2024,Europa,114.2,42.9,False
UEFA Euro 2024,Europa,112.1,28.1,False
UEFA Euro 2024,Europa,94.2,44.2,False
UEFA Euro 2024,Europa,114.6,34.8,False
UEFA Euro 2024,Europa,87.8,29.5,False
UEFA Euro 2024,Europa,103.4,28.0,True
UEFA Euro 2024,Europa,98.8,47.5,False
UEFA Euro 2024,Europa,106.5,49.9,False
UEFA Euro 2024,Europa,107.7,39.3,False
UEFA Euro 2024,Europa,104.1,39.9,True
UEFA Euro 2024,Europa,102.8,38.7,False
UEFA Euro 2024,Europa,103.9,38.7,True
UEFA Euro 2024,Europa,101.8,40.2,False
UEFA Euro 2024,Europa,116.5,50.1,False
UEFA Euro 2024,Europa,114.2,35.6,False
UEFA Euro 2024,Europa,114.0,27.5,False
UEFA Euro 2024,Europa,86.3,47.4,False
UEFA Euro 2024,Europa,91.0,30.4,False
UEFA Euro 2024,Europa,112.7,42.4,True
UEFA Euro 2024,Europa,101.2,24.0,False
UEFA Euro 2024,Europa,108.6,48.3,False
UEFA Euro 2024,Europa,117.4,34.5,False
UEFA Euro 2024,Europa,111.9,47.8,False
UEFA Euro 2024,Europa,117.0,37.0,False
UEFA Euro 2024,Europa,118.4,40.0,False
UEFA Euro 2024,Europa,115.1,34.4,False
UEFA Euro 2024,Europa,91.3,45.4,False
UEFA Euro 2024,Europa,93.9,39.0,False
UEFA Euro 2024,Europa,108.0,40.0,False
UEFA Euro 2024,Europa,101.4,28.7,False
UEFA Euro 2024,Europa,87.3,24.7,False
UEFA Euro 2024,Europa,109.6,57.8,False
UEFA Euro 2024,Europa,107.8,27.5,False
UEFA Euro 2024,Europa,95.6,49.4,False
UEFA Euro 2024,Europa,109.1,51.7,False
UEFA Euro 2024,Europa,108.8,42.9,False
UEFA Euro 2024,Europa,90.1,41.2,False
UEFA Euro 2024,Europa,111.0,34.9,False
UEFA Euro 2024,Europa,102.6,25.2,False
UEFA Euro 2024,Europa,105.7,50.3,False
UEFA Euro 2024,Europa,110.6,38.9,False
UEFA Euro 2024,Europa,109.6,35.3,False
UEFA Euro 2024,Europa,92.3,31.2,False
UEFA Euro 2024,Europa,95.6,30.9,False
UEFA Euro 2024,Europa,116.5,33.3,False
UEFA Euro 2024,Europa,103.2,33.6,False
UEFA Euro 2024,Europa,94.5,52.5,False
UEFA Euro 2024,Europa,113.6,32.8,False
UEFA Euro 2024,Europa,112.9,50.7,False
UEFA Euro 2024,Europa,110.2,38.0,False
UEFA Euro 2024,Europa,96.0,23.6,False
UEFA Euro 2024,Europa,102.7,50.4,False
UEFA Euro 2024,Europa,114.1,44.7,True
UEFA Euro 2024,Europa,113.4,38.4,False
UEFA Euro 2024,Europa,112.9,36.9,False
UEFA Euro 2024,Europa,96.9,58.1,False
UEFA Euro 2024,Europa,101.2,28.3,False
UEFA Euro 2024,Europa,99.1,30.7,False
UEFA Euro 2024,Europa,104.4,43.9,False
UEFA Euro 2024,Europa,114.6,40.3,True
UEFA Euro 2024,Europa,93.9,38.9,False
UEFA Euro 2024,Europa,112.6,27.2,False
UEFA Euro 2024,Europa,104.2,25.1,False
UEFA Euro 2024,Europa,106.1,38.3,False
UEFA Euro 2024,Europa,89.7,27.9,False
UEFA Euro 2024,Europa,111.9,50.0,False
UEFA Euro 2024,Europa,109.8,43.8,False
UEFA Euro 2024,Europa,87.3,30.0,False
UEFA Euro 2024,Europa,99.1,41.7,False
UEFA Euro 2024,Europa,107.3,39.0,False
UEFA Euro 2024,Europa,87.5,38.4,False
UEFA Euro 2024,Europa,115.6,29.2,False
UEFA Euro 2024,Europa,112.3,37.3,False
UEFA Euro 2024,Europa,117.6,29.5,False
UEFA Euro 2024,Europa,100.2,42.3,False
UEFA Euro 2024,Europa,103.5,23.3,False
UEFA Euro 2024,Europa,100.0,24.9,False
UEFA Euro 2024,Europa,105.4,60.0,False
UEFA Euro 2024,Europa,108.1,40.1,True
UEFA Euro 2024,Europa,116.6,27.4,False
UEFA Euro 2024,Europa,95.3,45.7,False
UEFA Euro 2024,Europa,92.6,31.8,False
UEFA Euro 2024,Europa,108.0,40.0,True
UEFA Euro 2024,Europa,108.7,26.8,False
UEFA Euro 2024,Europa,95.5,32.7,False
UEFA Euro 2024,Europa,107.7,41.7,False
UEFA Euro 2024,Europa,110.2,38.3,False
UEFA Euro 2024,Europa,94.4,28.8,False
UEFA Euro 2024,Europa,100.9,29.8,False
UEFA Euro 2024,Europa,81.5,42.0,False
UEFA Euro 2024,Europa,115.0,33.0,True
UEFA Euro 2024,Europa,107.5,45.2,False
UEFA Euro 2024,Europa,105.5,38.4,False
UEFA Euro 2024,Europa,104.5,43.5,False
UEFA Euro 2024,Europa,106.7,29.1,False
UEFA Euro 2024,Europa,97.3,46.3,False
UEFA Euro 2024,Europa,99.4,38.0,False
UEFA Euro 2024,Europa,108.9,40.0,False
UEFA Euro 2024,Europa,113.8,41.6,True
UEFA Euro 2024,Europa,106.9,32.0,False
UEFA Euro 2024,Europa,90.9,36.1,False
UEFA Euro 2024,Europa,91.6,47.5,False
UEFA Euro 2024,Europa,110.1,38.8,False
UEFA Euro 2024,Europa,94.0,47.8,False
UEFA Euro 2024,Europa,111.5,37.6,False
UEFA Euro 2024,Europa,95.3,42.6,False
UEFA Euro 2024,Europa,103.6,26.7,False
UEFA Euro 2024,Europa,103.9,42.4,False
UEFA Euro 2024,Europa,96.8,24.1,False
UEFA Euro 2024,Europa,113.0,47.4,False
UEFA Euro 2024,Europa,102.5,36.3,True
UEFA Euro 2024,Europa,99.6,33.0,False
UEFA Euro 2024,Europa,103.1,44.4,False
UEFA Euro 2024,Europa,95.9,35.7,False
UEFA Euro 2024,Europa,108.0,40.0,True
UEFA Euro 2024,Europa,97.6,49.9,False
UEFA Euro 2024,Europa,115.2,28.3,False
UEFA Euro 2024,Europa,91.4,48.8,False
UEFA Euro 2024,Europa,112.7,32.9,False
UEFA Euro 2024,Europa,110.7,30.3,False
UEFA Euro 2024,Europa,108.9,32.4,False
UEFA Euro 2024,Europa,112.8,46.4,False
UEFA Euro 2024,Europa,105.6,41.2,False
UEFA Euro 2024,Europa,99.6,52.7,False
UEFA Euro 2024,Europa,102.2,37.3,False
UEFA Euro 2024,Europa,93.5,44.0,False
UEFA Euro 2024,Europa,112.2,42.3,False
UEFA Euro 2024,Europa,108.5,42.3,False
UEFA Euro 2024,Europa,113.9,35.8,False
UEFA Euro 2024,Europa,113.6,43.0,False
UEFA Euro 2024,Europa,101.1,27.1,False
UEFA Euro 2024,Europa,101.1,56.3,False
UEFA Euro 2024,Europa,108.1,40.1,True
UEFA Euro 2024,Europa,104.6,39.9,False
UEFA Euro 2024,Europa,109.3,41.0,False
UEFA Euro 2024,Europa,115.5,52.2,False
UEFA Euro 2024,Europa,99.7,31.4,False
UEFA Euro 2024,Europa,102.9,34.8,False
UEFA Euro 2024,Europa,115.1,44.1,False
UEFA Euro 2024,Europa,117.7,36.5,True
UEFA Euro 2024,Europa,111.4,44.7,False
UEFA Euro 2024,Europa,95.4,44.6,False
UEFA Euro 2024,Europa,91.7,36.6,False
UEFA Euro 2024,Europa,82.5,28.6,False
UEFA Euro 2024,Europa,91.8,35.6,False
UEFA Euro 2024,Europa,112.8,32.5,False
UEFA Euro 2024,Europa,100.9,45.2,False
UEFA Euro 2024,Europa,92.7,59.5,False
UEFA Euro 2024,Europa,101.0,23.0,False
UEFA Euro 2024,Europa,88.9,41.4,False
UEFA Euro 2024,Europa,108.1,49.2,False
UEFA Euro 2024,Europa,113.7,37.4,False
UEFA Euro 2024,Europa,99.0,59.3,False
UEFA Euro 2024,Europa,113.4,36.5,False
UEFA Euro 2024,Europa,98.2,32.6,False
UEFA Euro 2024,Europa,92.7,40.9,False
UEFA Euro 2024,Europa,101.3,25.7,False
UEFA Euro 2024,Europa,111.6,20.7,False
UEFA Euro 2024,Europa,103.3,31.0,False
UEFA Euro 2024,Europa,92.6,29.1,False
UEFA Euro 2024,Europa,102.6,48.7,True
UEFA Euro 2024,Europa,111.6,45.6,False
UEFA Euro 2024,Europa,110.0,20.4,False
UEFA Euro 2024,Europa,111.2,49.7,True
UEFA Euro 2024,Europa,107.1,41.9,False
UEFA Euro 2024,Europa,98.4,37.4,False
UEFA Euro 2024,Europa,107.1,34.6,False
UEFA Euro 2024,Europa,73.2,39.2,False
UEFA Euro 2024,Europa,111.7,46.2,False
UEFA Euro 2024,Europa,107.9,49.7,False
UEFA Euro 2024,Europa,112.5,22.7,False
UEFA Euro 2024,Europa,111.1,36.6,False
UEFA Euro 2024,Europa,93.2,31.5,False
UEFA Euro 2024,Europa,101.2,24.7,False
UEFA Euro 2024,Europa,96.6,51.5,False
UEFA Euro 2024,Europa,95.8,46.1,False
UEFA Euro 2024,Europa,109.4,30.4,False
UEFA Euro 2024,Europa,95.5,53.4,True
UEFA Euro 2024,Europa,108.9,36.5,False
UEFA Euro 2024,Europa,107.6,41.5,False
UEFA Euro 2024,Europa,52.0,38.1,False
UEFA Euro 2024,Europa,111.2,32.3,False
UEFA Euro 2024,Europa,111.8,37.6,False
UEFA Euro 2024,Europa,114.8,32.5,False
UEFA Euro 2024,Europa,111.4,37.4,False
UEFA Euro 2024,Europa,108.9,45.6,False
UEFA Euro 2024,Europa,96.1,52.9,True
UEFA Euro 2024,Europa,97.1,35.4,False
UEFA Euro 2024,Europa,89.9,33.0,False
UEFA Euro 2024,Europa,99.8,30.0,False
UEFA Euro 2024,Europa,93.3,39.3,False
UEFA Euro 2024,Europa,96.6,45.0,True
UEFA Euro 2024,Europa,102.6,42.1,False
UEFA Euro 2024,Europa,101.2,58.1,False
UEFA Euro 2024,Europa,120.1,0.8,False
UEFA Euro 2024,Europa,104.0,26.5,False
UEFA Euro 2024,Europa,93.6,22.0,False
UEFA Euro 2024,Europa,108.4,27.6,False
UEFA Euro 2024,Europa,93.2,49.7,True
UEFA Euro 2024,Europa,98.3,43.3,False
UEFA Euro 2024,Europa,110.4,56.7,False
UEFA Euro 2024,Europa,116.3,41.2,True
UEFA Euro 2024,Europa,103.5,46.3,False
UEFA Euro 2024,Europa,111.2,5.6,False
UEFA Euro 2024,Europa,94.8,24.9,False
UEFA Euro 2024,Europa,93.3,40.3,False
UEFA Euro 2024,Europa,98.6,43.1,False
UEFA Euro 2024,Europa,110.4,27.6,False
UEFA Euro 2024,Europa,112.4,55.2,False
UEFA Euro 2024,Europa,82.6,30.8,False
UEFA Euro 2024,Europa,108.9,26.0,False
UEFA Euro 2024,Europa,116.4,47.1,False
UEFA Euro 2024,Europa,99.9,24.0,False
UEFA Euro 2024,Europa,92.5,36.0,False
UEFA Euro 2024,Europa,99.7,50.8,False
UEFA Euro 2024,Europa,114.4,45.7,True
UEFA Euro 2024,Europa,93.2,41.7,False
UEFA Euro 2024,Europa,112.5,29.1,False
UEFA Euro 2024,Europa,104.4,24.3,False
UEFA Euro 2024,Europa,111.9,45.2,False
UEFA Euro 2024,Europa,109.1,45.7,False
UEFA Euro 2024,Europa,106.5,65.2,False
UEFA Euro 2024,Europa,100.3,31.4,False
UEFA Euro 2024,Europa,102.8,39.2,False
UEFA Euro 2024,Europa,115.1,43.7,False
UEFA Euro 2024,Europa,108.8,37.3,True
UEFA Euro 2024,Europa,97.3,59.2,False
UEFA Euro 2024,Europa,113.6,32.9,False
UEFA Euro 2024,Europa,97.8,55.1,False
UEFA Euro 2024,Europa,113.7,27.7,False
UEFA Euro 2024,Europa,97.8,28.6,False
UEFA Euro 2024,Europa,114.8,49.2,True
UEFA Euro 2024,Europa,104.1,45.7,False
UEFA Euro 2024,Europa,107.8,43.4,False
UEFA Euro 2024,Europa,92.1,21.7,False
UEFA Euro 2024,Europa,115.2,29.9,False
UEFA Euro 2024,Europa,85.8,38.5,False
UEFA Euro 2024,Europa,110.1,23.0,False
UEFA Euro 2024,Europa,112.3,34.1,False
UEFA Euro 2024,Europa,54.2,44.2,False
UEFA Euro 2024,Europa,106.1,42.8,False
UEFA Euro 2024,Europa,107.9,55.5,False
UEFA Euro 2024,Europa,98.4,58.0,False
UEFA Euro 2024,Europa,114.6,33.6,True
UEFA Euro 2024,Europa,107.0,38.9,False
UEFA Euro 2024,Europa,104.8,40.8,False
UEFA Euro 2024,Europa,112.1,53.4,False
UEFA Euro 2024,Europa,110.1,43.1,False
UEFA Euro 2024,Europa,118.5,33.7,False
UEFA Euro 2024,Europa,101.1,19.6,False
UEFA Euro 2024,Europa,97.7,34.5,True
UEFA Euro 2024,Europa,109.5,23.2,False
UEFA Euro 2024,Europa,112.6,34.0,False
UEFA Euro 2024,Europa,92.3,29.7,False
UEFA Euro 2024,Europa,108.0,50.5,False
UEFA Euro 2024,Europa,95.3,49.4,False
UEFA Euro 2024,Europa,98.4,53.0,False
UEFA Euro 2024,Europa,83.3,34.1,False
UEFA Euro 2024,Europa,106.5,50.7,False
UEFA Euro 2024,Europa,108.2,51.3,False
UEFA Euro 2024,Europa,95.9,46.5,False
UEFA Euro 2024,Europa,108.9,32.4,False
UEFA Euro 2024,Europa,110.0,56.3,False
UEFA Euro 2024,Europa,110.9,41.9,False
UEFA Euro 2024,Europa,115.5,39.4,False
UEFA Euro 2024,Europa,110.6,36.7,True
UEFA Euro 2024,Europa,112.0,36.4,False
UEFA Euro 2024,Europa,119.0,32.0,False
UEFA Euro 2024,Europa,88.9,45.8,False
UEFA Euro 2024,Europa,90.3,29.2,False
UEFA Euro 2024,Europa,111.4,29.2,True
UEFA Euro 2024,Europa,103.7,19.9,False
UEFA Euro 2024,Europa,87.1,41.7,False
UEFA Euro 2024,Europa,109.9,37.3,False
UEFA Euro 2024,Europa,106.2,46.7,False
UEFA Euro 2024,Europa,118.7,34.9,False
UEFA Euro 2024,Europa,92.0,26.5,False
UEFA Euro 2024,Europa,100.5,38.1,False
UEFA Euro 2024,Europa,109.5,51.5,False
UEFA Euro 2024,Europa,97.4,50.7,False
UEFA Euro 2024,Europa,111.1,57.2,False
UEFA Euro 2024,Europa,112.6,28.6,False
UEFA Euro 2024,Europa,95.6,42.0,False
UEFA Euro 2024,Europa,96.9,45.9,False
UEFA Euro 2024,Europa,105.2,50.7,False
UEFA Euro 2024,Europa,113.7,42.7,False
UEFA Euro 2024,Europa,116.6,36.2,False
UEFA Euro 2024,Europa,106.4,42.1,False
UEFA Euro 2024,Europa,108.1,40.1,True
UEFA Euro 2024,Europa,102.3,45.9,False
UEFA Euro 2024,Europa,103.4,53.3,False
UEFA Euro 2024,Europa,92.9,41.1,False
UEFA Euro 2024,Europa,112.4,39.4,False
UEFA Euro 2024,Europa,113.5,27.4,False
UEFA Euro 2024,Europa,115.8,45.8,False
UEFA Euro 2024,Europa,100.1,51.9,False
UEFA Euro 2024,Europa,113.5,37.5,False
UEFA Euro 2024,Europa,93.5,52.2,False
UEFA Euro 2024,Europa,116.2,47.1,False
UEFA Euro 2024,Europa,105.3,39.5,False
UEFA Euro 2024,Europa,95.5,36.4,False
UEFA Euro 2024,Europa,106.8,26.1,False
UEFA Euro 2024,Europa,113.0,50.1,False
UEFA Euro 2024,Europa,87.2,35.1,False
UEFA Euro 2024,Europa,106.5,44.0,False
UEFA Euro 2024,Europa,110.6,41.9,False
UEFA Euro 2024,Europa,89.2,47.9,False
UEFA Euro 2024,Europa,114.2,32.2,False
UEFA Euro 2024,Europa,103.3,32.5,False
UEFA Euro 2024,Europa,93.9,33.9,False
UEFA Euro 2024,Europa,111.5,24.5,False
UEFA Euro 2024,Europa,113.4,37.7,False
UEFA Euro 2024,Europa,102.3,26.3,False
UEFA Euro 2024,Europa,107.9,46.3,False
UEFA Euro 2024,Europa,111.0,51.5,False
UEFA Euro 2024,Europa,97.3,43.1,False
UEFA Euro 2024,Europa,94.6,47.3,False
UEFA Euro 2024,Europa,109.8,25.7,False
UEFA Euro 2024,Europa,106.1,53.7,False
UEFA Euro 2024,Europa,103.1,48.2,False
UEFA Euro 2024,Europa,100.8,31.1,False
UEFA Euro 2024,Europa,108.7,52.4,False
UEFA Euro 2024,Europa,88.7,26.5,False
UEFA Euro 2024,Europa,115.2,59.1,False
UEFA Euro 2024,Europa,97.1,38.6,False
UEFA Euro 2024,Europa,97.0,40.0,False
UEFA Euro 2024,Europa,107.6,34.7,False
UEFA Euro 2024,Europa,103.5,35.4,False
UEFA Euro 2024,Europa,94.4,53.3,False
UEFA Euro 2024,Europa,113.2,49.6,False
UEFA Euro 2024,Europa,111.9,52.7,False
UEFA Euro 2024,Europa,112.9,30.4,False
UEFA Euro 2024,Europa,113.4,43.5,False
UEFA Euro 2024,Europa,103.5,36.6,False
UEFA Euro 2024,Europa,116.9,38.5,True
UEFA Euro 2024,Europa,100.3,56.6,True
UEFA Euro 2024,Europa,107.6,40.4,False
UEFA Euro 2024,Europa,107.6,21.5,False
UEFA Euro 2024,Europa,102.2,22.4,False
UEFA Euro 2024,Europa,110.9,28.0,False
UEFA Euro 2024,Europa,89.6,32.5,False
UEFA Euro 2024,Europa,90.5,44.9,False
UEFA Euro 2024,Europa,103.5,46.6,False
UEFA Euro 2024,Europa,103.8,44.8,False
UEFA Euro 2024,Europa,106.2,58.7,False
UEFA Euro 2024,Europa,119.3,79.1,False
UEFA Euro 2024,Europa,101.7,23.7,False
UEFA Euro 2024,Europa,111.7,46.0,False
UEFA Euro 2024,Europa,108.1,40.1,True
UEFA Euro 2024,Europa,108.1,40.1,False
UEFA Euro 2024,Europa,108.1,40.1,True
UEFA Euro 2024,Europa,108.1,40.1,True
UEFA Euro 2024,Europa,108.1,40.1,True
UEFA Euro 2024,Europa,108.1,40.1,True
UEFA Euro 2024,Europa,108.1,40.1,True
UEFA Euro 2024,Europa,108.1,40.1,True
UEFA Euro 2024,Europa,108.1,40.1,True
UEFA Euro 2024,Europa,104.7,54.5,False
UEFA Euro 2024,Europa,92.6,41.8,False
UEFA Euro 2024,Europa,107.8,44.4,False
UEFA Euro 2024,Europa,116.2,36.6,False
UEFA Euro 2024,Europa,113.1,34.1,False
UEFA Euro 2024,Europa,108.6,34.2,False
UEFA Euro 2024,Europa,108.8,44.0,True
UEFA Euro 2024,Europa,103.2,29.7,False
UEFA Euro 2024,Europa,110.9,27.4,False
UEFA Euro 2024,Europa,108.6,51.3,False
UEFA Euro 2024,Europa,99.0,60.0,False
UEFA Euro 2024,Europa,104.7,54.4,False
UEFA Euro 2024,Europa,101.7,30.6,False
UEFA Euro 2024,Europa,94.9,32.7,False
UEFA Euro 2024,Europa,89.4,55.2,False
UEFA Euro 2024,Europa,111.5,36.3,True
UEFA Euro 2024,Europa,99.9,27.2,False
UEFA Euro 2024,Europa,97.1,24.9,False
UEFA Euro 2024,Europa,113.1,37.7,False
UEFA Euro 2024,Europa,91.0,51.3,False
UEFA Euro 2024,Europa,107.0,35.5,False
UEFA Euro 2024,Europa,60.9,25.6,False
UEFA Euro 2024,Europa,93.8,50.2,False
UEFA Euro 2024,Europa,105.6,39.0,False
UEFA Euro 2024,Europa,101.6,37.8,False
UEFA Euro 2024,Europa,89.6,43.4,False
UEFA Euro 2024,Europa,109.7,46.4,True
UEFA Euro 2024,Europa,94.8,34.0,False
UEFA Euro 2024,Europa,92.1,32.2,False
UEFA Euro 2024,Europa,113.5,42.3,False
UEFA Euro 2024,Europa,111.2,42.9,False
UEFA Euro 2024,Europa,110.8,54.5,False
UEFA Euro 2024,Europa,89.0,35.6,False
UEFA Euro 2024,Europa,105.1,30.6,False
UEFA Euro 2024,Europa,106.4,37.5,False
UEFA Euro 2024,Europa,111.1,43.8,False
UEFA Euro 2024,Europa,116.7,41.6,False
UEFA Euro 2024,Europa,100.7,49.3,False
UEFA Euro 2024,Europa,113.1,39.6,False
UEFA Euro 2024,Europa,114.6,27.9,False
UEFA Euro 2024,Europa,114.5,43.6,False
UEFA Euro 2024,Europa,114.0,39.1,False
UEFA Euro 2024,Europa,94.7,44.0,False
UEFA Euro 2024,Europa,98.1,22.6,True
UEFA Euro 2024,Europa,112.5,40.9,False
UEFA Euro 2024,Europa,111.1,39.6,False
UEFA Euro 2024,Europa,112.1,27.8,False
UEFA Euro 2024,Europa,114.6,54.5,False
UEFA Euro 2024,Europa,95.3,39.1,False
UEFA Euro 2024,Europa,90.2,57.0,False
UEFA Euro 2024,Europa,113.5,44.4,False
UEFA Euro 2024,Europa,96.5,38.1,False
UEFA Euro 2024,Europa,108.1,35.2,False
UEFA Euro 2024,Europa,113.7,35.0,True
UEFA Euro 2024,Europa,101.6,26.3,False
UEFA Euro 2024,Europa,89.8,32.6,False
UEFA Euro 2024,Europa,114.5,47.4,False
UEFA Euro 2024,Europa,107.1,49.6,False
UEFA Euro 2024,Europa,95.2,40.1,False
UEFA Euro 2024,Europa,101.0,49.4,False
UEFA Euro 2024,Europa,103.1,41.9,False
UEFA Euro 2024,Europa,95.3,38.1,False
UEFA Euro 2024,Europa,94.6,26.2,False
UEFA Euro 2024,Europa,110.0,40.4,False
UEFA Euro 2024,Europa,110.4,38.4,False
UEFA Euro 2024,Europa,115.1,42.0,False
UEFA Euro 2024,Europa,114.2,47.9,False
UEFA Euro 2024,Europa,93.6,51.6,False
UEFA Euro 2024,Europa,104.6,53.2,False
UEFA Euro 2024,Europa,114.0,42.8,False
UEFA Euro 2024,Europa,93.4,33.9,False
UEFA Euro 2024,Europa,113.6,41.4,True
UEFA Euro 2024,Europa,103.8,32.8,True
UEFA Euro 2024,Europa,100.6,38.0,False
UEFA Euro 2024,Europa,98.1,32.5,True
UEFA Euro 2024,Europa,104.0,52.2,False
UEFA Euro 2024,Europa,110.8,33.1,False
UEFA Euro 2024,Europa,111.7,31.1,False
UEFA Euro 2024,Europa,107.7,38.9,False
UEFA Euro 2024,Europa,116.8,47.4,False
UEFA Euro 2024,Europa,103.8,25.1,False
UEFA Euro 2024,Europa,104.0,23.4,False
UEFA Euro 2024,Europa,102.8,37.7,False
UEFA Euro 2024,Europa,107.2,25.6,False
UEFA Euro 2024,Europa,89.4,44.5,False
UEFA Euro 2024,Europa,114.8,36.6,False
UEFA Euro 2024,Europa,106.4,38.2,False
UEFA Euro 2024,Europa,112.3,34.2,False
UEFA Euro 2024,Europa,108.3,23.4,False
UEFA Euro 2024,Europa,109.4,43.5,False
UEFA Euro 2024,Europa,107.3,44.8,False
UEFA Euro 2024,Europa,107.7,42.7,False
UEFA Euro 2024,Europa,98.5,60.6,False
UEFA Euro 2024,Europa,112.3,34.8,False
UEFA Euro 2024,Europa,100.0,32.0,False
UEFA Euro 2024,Europa,99.6,51.2,True
UEFA Euro 2024,Europa,88.2,36.6,False
UEFA Euro 2024,Europa,104.5,41.6,False
UEFA Euro 2024,Europa,108.1,40.0,True
UEFA Euro 2024,Europa,117.0,47.6,False
UEFA Euro 2024,Europa,102.9,45.1,False
UEFA Euro 2024,Europa,111.3,43.4,False
UEFA Euro 2024,Europa,95.8,51.6,False
UEFA Euro 2024,Europa,98.4,50.6,False
UEFA Euro 2024,Europa,98.8,52.9,False
UEFA Euro 2024,Europa,109.5,33.3,False
UEFA Euro 2024,Europa,111.1,44.6,False
UEFA Euro 2024,Europa,110.4,38.9,False
UEFA Euro 2024,Europa,103.5,45.0,False
UEFA Euro 2024,Europa,104.8,50.4,False
UEFA Euro 2024,Europa,110.4,53.5,True
UEFA Euro 2024,Europa,115.6,28.4,False
UEFA Euro 2024,Europa,112.9,36.2,False
UEFA Euro 2024,Europa,96.2,40.8,False
UEFA Euro 2024,Europa,101.2,49.8,False
UEFA Euro 2024,Europa,95.0,31.2,False
UEFA Euro 2024,Europa,113.9,30.2,False
UEFA Euro 2024,Europa,102.6,36.7,False
UEFA Euro 2024,Europa,114.4,29.9,False
UEFA Euro 2024,Europa,109.9,28.0,True
UEFA Euro 2024,Europa,108.8,32.1,False
UEFA Euro 2024,Europa,95.8,46.1,False
UEFA Euro 2024,Europa,110.9,51.0,False
UEFA Euro 2024,Europa,97.2,43.4,False
UEFA Euro 2024,Europa,99.0,37.2,False
UEFA Euro 2024,Europa,103.5,49.7,False
UEFA Euro 2024,Europa,111.9,43.8,False
UEFA Euro 2024,Europa,93.3,35.9,False
UEFA Euro 2024,Europa,91.0,40.1,False
UEFA Euro 2024,Europa,112.0,24.9,False
UEFA Euro 2024,Europa,98.4,49.0,True
UEFA Euro 2024,Europa,107.2,50.2,False
UEFA Euro 2024,Europa,111.2,36.3,True
UEFA Euro 2024,Europa,109.5,44.1,False
UEFA Euro 2024,Europa,114.8,35.5,False
UEFA Euro 2024,Europa,113.1,41.4,False
UEFA Euro 2024,Europa,115.4,35.9,False
UEFA Euro 2024,Europa,114.9,43.7,True
UEFA Euro 2024,Europa,88.6,45.1,False
UEFA Euro 2024,Europa,102.9,30.2,False
UEFA Euro 2024,Europa,93.2,47.1,True
UEFA Euro 2024,Europa,111.6,50.8,True
UEFA Euro 2024,Europa,99.7,39.5,False
UEFA Euro 2024,Europa,97.7,49.9,False
UEFA Euro 2024,Europa,111.9,37.4,False
UEFA Euro 2024,Europa,111.3,24.4,False
UEFA Euro 2024,Europa,115.4,46.4,False
UEFA Euro 2024,Europa,103.1,34.5,False
UEFA Euro 2024,Europa,100.4,51.7,False
UEFA Euro 2024,Europa,104.1,29.6,False
UEFA Euro 2024,Europa,109.8,46.9,False
UEFA Euro 2024,Europa,103.7,33.2,False
UEFA Euro 2024,Europa,108.3,42.5,False
UEFA Euro 2024,Europa,94.1,49.4,False
UEFA Euro 2024,Europa,95.1,32.8,False
UEFA Euro 2024,Europa,98.9,57.7,False
UEFA Euro 2024,Europa,110.5,34.8,False
UEFA Euro 2024,Europa,99.3,66.6,False
UEFA Euro 2024,Europa,105.0,22.8,False
UEFA Euro 2024,Europa,117.9,35.1,True
UEFA Euro 2024,Europa,93.2,50.5,False
UEFA Euro 2024,Europa,90.2,45.9,False
UEFA Euro 2024,Europa,95.0,31.7,False
UEFA Euro 2024,Europa,102.6,24.6,False
UEFA Euro 2024,Europa,97.4,42.2,False
UEFA Euro 2024,Europa,110.5,37.0,False
UEFA Euro 2024,Europa,114.1,47.8,False
UEFA Euro 2024,Europa,110.1,39.1,True
UEFA Euro 2024,Europa,95.1,28.0,False
UEFA Euro 2024,Europa,108.2,46.5,False
UEFA Euro 2024,Europa,110.5,50.7,False
UEFA Euro 2024,Europa,110.2,29.0,False
UEFA Euro 2024,Europa,111.3,34.1,False
UEFA Euro 2024,Europa,106.9,25.8,False
UEFA Euro 2024,Europa,115.1,30.4,False
UEFA Euro 2024,Europa,111.3,41.6,False
UEFA Euro 2024,Europa,101.2,29.4,False
UEFA Euro 2024,Europa,92.5,32.9,False
UEFA Euro 2024,Europa,91.4,26.7,False
UEFA Euro 2024,Europa,98.0,59.1,False
UEFA Euro 2024,Europa,94.9,25.6,False
UEFA Euro 2024,Europa,93.9,26.0,False
UEFA Euro 2024,Europa,99.5,28.3,False
UEFA Euro 2024,Europa,89.5,30.2,False
UEFA Euro 2024,Europa,111.7,47.2,False
UEFA Euro 2024,Europa,109.3,52.1,False
UEFA Euro 2024,Europa,105.7,52.8,False
UEFA Euro 2024,Europa,91.6,23.0,False
UEFA Euro 2024,Europa,110.4,32.9,False
UEFA Euro 2024,Europa,118.7,45.1,False
UEFA Euro 2024,Europa,107.2,49.3,False
UEFA Euro 2024,Europa,108.1,54.2,False
UEFA Euro 2024,Europa,113.7,56.4,False
UEFA Euro 2024,Europa,114.8,50.0,False
UEFA Euro 2024,Europa,99.1,57.0,False
UEFA Euro 2024,Europa,99.5,61.1,False
UEFA Euro 2024,Europa,88.0,22.7,False
UEFA Euro 2024,Europa,93.9,33.2,False
UEFA Euro 2024,Europa,96.4,33.1,False
UEFA Euro 2024,Europa,107.5,53.3,False
UEFA Euro 2024,Europa,96.1,25.4,False
UEFA Euro 2024,Europa,99.9,39.0,False
UEFA Euro 2024,Europa,111.4,42.7,False
UEFA Euro 2024,Europa,106.6,32.5,False
UEFA Euro 2024,Europa,101.2,43.9,False
UEFA Euro 2024,Europa,109.9,35.7,False
UEFA Euro 2024,Europa,103.0,56.4,False
UEFA Euro 2024,Europa,116.0,30.8,False
UEFA Euro 2024,Europa,100.5,47.5,False
UEFA Euro 2024,Europa,114.4,28.4,False
UEFA Euro 2024,Europa,109.6,37.4,False
UEFA Euro 2024,Europa,103.1,38.3,False
UEFA Euro 2024,Europa,108.1,40.1,True
UEFA Euro 2024,Europa,108.1,40.1,True
UEFA Euro 2024,Europa,108.1,40.1,True
UEFA Euro 2024,Europa,108.1,40.1,True
UEFA Euro 2024,Europa,108.1,40.1,True
UEFA Euro 2024,Europa,108.1,40.1,False
UEFA Euro 2024,Europa,108.1,40.1,True
UEFA Euro 2024,Europa,108.1,40.1,True
UEFA Euro 2024,Europa,108.1,40.1,True
UEFA Euro 2024,Europa,106.5,38.9,False
UEFA Euro 2024,Europa,105.6,32.9,False
UEFA Euro 2024,Europa,102.9,33.1,False
UEFA Euro 2024,Europa,94.8,24.0,False
UEFA Euro 2024,Europa,95.2,44.7,False
UEFA Euro 2024,Europa,97.9,25.3,False
UEFA Euro 2024,Europa,101.1,31.8,False
UEFA Euro 2024,Europa,112.7,41.3,False
UEFA Euro 2024,Europa,94.7,40.5,False
UEFA Euro 2024,Europa,107.5,50.1,False
UEFA Euro 2024,Europa,114.9,35.9,False
UEFA Euro 2024,Europa,111.8,41.6,False
UEFA Euro 2024,Europa,107.4,30.2,True
UEFA Euro 2024,Europa,114.4,37.3,False
UEFA Euro 2024,Europa,110.2,40.7,True
UEFA Euro 2024,Europa,74.0,47.8,False
UEFA Euro 2024,Europa,109.7,37.5,True
UEFA Euro 2024,Europa,114.9,29.1,True
UEFA Euro 2024,Europa,107.3,41.3,False
UEFA Euro 2024,Europa,111.2,25.1,False
UEFA Euro 2024,Europa,97.1,27.4,False
UEFA Euro 2024,Europa,104.5,51.4,False
UEFA Euro 2024,Europa,97.3,38.5,False
UEFA Euro 2024,Europa,112.9,40.4,True
UEFA Euro 2024,Europa,108.4,56.6,False
UEFA Euro 2024,Europa,112.3,34.5,False
UEFA Euro 2024,Europa,102.6,49.8,False
UEFA Euro 2024,Europa,115.3,53.4,False
UEFA Euro 2024,Europa,108.2,50.4,False
UEFA Euro 2024,Europa,88.6,40.7,True
UEFA Euro 2024,Europa,97.2,49.3,False
UEFA Euro 2024,Europa,117.7,28.2,False
UEFA Euro 2024,Europa,94.2,31.4,False
UEFA Euro 2024,Europa,93.1,54.1,False
UEFA Euro 2024,Europa,95.5,54.6,False
UEFA Euro 2024,Europa,101.3,49.5,False
UEFA Euro 2024,Europa,93.7,26.4,False
UEFA Euro 2024,Europa,115.1,49.3,False
UEFA Euro 2024,Europa,96.8,51.3,False
UEFA Euro 2024,Europa,110.1,50.4,False
UEFA Euro 2024,Europa,103.9,55.8,False
UEFA Euro 2024,Europa,93.3,45.6,False
UEFA Euro 2024,Europa,96.1,28.0,False
UEFA Euro 2024,Europa,115.0,51.1,False
UEFA Euro 2024,Europa,89.7,32.2,False
UEFA Euro 2024,Europa,85.4,47.2,False
UEFA Euro 2024,Europa,113.5,39.7,False
UEFA Euro 2024,Europa,100.5,30.8,False
UEFA Euro 2024,Europa,101.5,39.7,False
UEFA Euro 2024,Europa,91.9,28.7,False
UEFA Euro 2024,Europa,98.9,48.6,False
UEFA Euro 2024,Europa,100.2,21.9,False
UEFA Euro 2024,Europa,98.6,41.5,False
UEFA Euro 2024,Europa,110.4,40.0,False
UEFA Euro 2024,Europa,95.6,23.8,False
UEFA Euro 2024,Europa,109.2,32.9,False
UEFA Euro 2024,Europa,102.7,39.0,False
UEFA Euro 2024,Europa,92.1,45.5,False
UEFA Euro 2024,Europa,89.1,49.3,False
UEFA Euro 2024,Europa,112.2,43.8,False
UEFA Euro 2024,Europa,96.7,56.2,False
UEFA Euro 2024,Europa,103.6,42.7,True
UEFA Euro 2024,Europa,98.6,44.9,False
UEFA Euro 2024,Europa,107.4,52.1,False
UEFA Euro 2024,Europa,93.1,39.8,False
UEFA Euro 2024,Europa,111.8,47.0,False
UEFA Euro 2024,Europa,99.8,43.6,False
UEFA Euro 2024,Europa,108.8,33.1,False
UEFA Euro 2024,Europa,110.7,39.3,False
UEFA Euro 2024,Europa,109.2,42.6,False
UEFA Euro 2024,Europa,111.0,25.7,False
UEFA Euro 2024,Europa,93.1,21.7,False
UEFA Euro 2024,Europa,96.6,34.4,False
UEFA Euro 2024,Europa,97.2,39.1,False
UEFA Euro 2024,Europa,111.8,45.5,True
UEFA Euro 2024,Europa,113.2,43.6,False
UEFA Euro 2024,Europa,106.6,43.2,False
UEFA Euro 2024,Europa,98.2,43.0,False
UEFA Euro 2024,Europa,103.5,24.3,False
UEFA Euro 2024,Europa,100.7,50.7,False
UEFA Euro 2024,Europa,96.8,54.8,False
UEFA Euro 2024,Europa,102.4,36.0,False
UEFA Euro 2024,Europa,100.3,44.6,False
UEFA Euro 2024,Europa,104.6,29.1,False
UEFA Euro 2024,Europa,97.5,44.3,False
UEFA Euro 2024,Europa,108.4,43.4,False
UEFA Euro 2024,Europa,112.6,39.2,True
UEFA Euro 2024,Europa,98.8,45.3,False
UEFA Euro 2024,Europa,111.5,50.9,False
UEFA Euro 2024,Europa,110.1,42.4,False
UEFA Euro 2024,Europa,110.8,30.7,False
UEFA Euro 2024,Europa,91.1,43.1,False
UEFA Euro 2024,Europa,94.9,34.0,False
UEFA Euro 2024,Europa,94.4,19.7,False
UEFA Euro 2024,Europa,91.9,51.3,False
UEFA Euro 2024,Europa,95.9,37.0,False
UEFA Euro 2024,Europa,111.3,37.0,False
UEFA Euro 2024,Europa,88.1,69.5,False
UEFA Euro 2024,Europa,104.2,29.9,False
UEFA Euro 2024,Europa,89.8,17.6,False
UEFA Euro 2024,Europa,100.3,24.5,False
UEFA Euro 2024,Europa,96.3,25.6,False
UEFA Euro 2024,Europa,98.2,46.6,False
UEFA Euro 2024,Europa,100.3,45.7,False
UEFA Euro 2024,Europa,105.3,54.2,False
UEFA Euro 2024,Europa,102.0,34.5,False
UEFA Euro 2024,Europa,101.9,39.2,False
UEFA Euro 2024,Europa,116.1,30.6,False
UEFA Euro 2024,Europa,108.5,53.2,False
UEFA Euro 2024,Europa,119.0,79.3,False
UEFA Euro 2024,Europa,112.4,45.3,False
UEFA Euro 2024,Europa,94.1,50.8,False
UEFA Euro 2024,Europa,103.2,48.4,False
UEFA Euro 2024,Europa,97.8,42.7,False
UEFA Euro 2024,Europa,104.4,44.6,False
UEFA Euro 2024,Europa,108.7,18.4,False
UEFA Euro 2024,Europa,99.4,27.2,False
UEFA Euro 2024,Europa,112.6,21.5,False
UEFA Euro 2024,Europa,90.5,37.1,False
UEFA Euro 2024,Europa,80.6,30.1,False
UEFA Euro 2024,Europa,113.5,37.1,False
UEFA Euro 2024,Europa,112.5,35.8,False
UEFA Euro 2024,Europa,111.7,25.6,False
UEFA Euro 2024,Europa,112.9,36.9,False
UEFA Euro 2024,Europa,113.2,33.9,False
UEFA Euro 2024,Europa,114.8,55.0,False
UEFA Euro 2024,Europa,98.6,58.7,False
UEFA Euro 2024,Europa,110.3,23.8,False
UEFA Euro 2024,Europa,98.0,49.4,False
UEFA Euro 2024,Europa,115.1,50.8,False
UEFA Euro 2024,Europa,99.6,29.5,False
UEFA Euro 2024,Europa,99.0,48.6,False
UEFA Euro 2024,Europa,106.4,37.9,False
UEFA Euro 2024,Europa,109.4,42.3,False
UEFA Euro 2024,Europa,98.8,38.1,False
UEFA Euro 2024,Europa,109.2,26.0,True
UEFA Euro 2024,Europa,114.8,49.8,False
UEFA Euro 2024,Europa,116.0,44.0,False
UEFA Euro 2024,Europa,113.6,46.4,True
UEFA Euro 2024,Europa,111.8,34.4,False
UEFA Euro 2024,Europa,111.9,32.5,False
UEFA Euro 2024,Europa,112.7,34.1,False
UEFA Euro 2024,Europa,95.4,36.3,False
UEFA Euro 2024,Europa,98.5,28.7,False
UEFA Euro 2024,Europa,99.1,45.5,False
UEFA Euro 2024,Europa,105.3,34.5,True
UEFA Euro 2024,Europa,115.8,39.0,True
UEFA Euro 2024,Europa,101.4,51.9,False
UEFA Euro 2024,Europa,115.8,47.4,False
UEFA Euro 2024,Europa,89.9,35.2,False
UEFA Euro 2024,Europa,103.8,36.1,False
UEFA Euro 2024,Europa,59.0,42.3,False
UEFA Euro 2024,Europa,115.8,45.8,False
UEFA Euro 2024,Europa,93.9,22.4,False
UEFA Euro 2024,Europa,111.4,45.6,False
UEFA Euro 2024,Europa,107.7,35.0,False
UEFA Euro 2024,Europa,110.1,44.6,False
UEFA Euro 2024,Europa,103.9,38.4,False
UEFA Euro 2024,Europa,108.2,50.3,False
UEFA Euro 2024,Europa,109.5,25.2,False
UEFA Euro 2024,Europa,116.9,44.8,True
UEFA Euro 2024,Europa,113.1,41.9,False
UEFA Euro 2024,Europa,116.2,36.5,True
UEFA Euro 2024,Europa,109.4,39.1,False
UEFA Euro 2024,Europa,96.4,47.7,False
UEFA Euro 2024,Europa,94.4,51.1,False
UEFA Euro 2024,Europa,96.7,38.5,False
UEFA Euro 2024,Europa,99.8,52.9,False
UEFA Euro 2024,Europa,114.1,37.5,False
UEFA Euro 2024,Europa,110.5,43.6,False
UEFA Euro 2024,Europa,112.6,42.5,False
UEFA Euro 2024,Europa,102.8,35.9,False
UEFA Euro 2024,Europa,113.9,42.7,False
UEFA Euro 2024,Europa,95.3,18.1,False
UEFA Euro 2024,Europa,99.0,48.2,False
UEFA Euro 2024,Europa,111.8,40.0,False
UEFA Euro 2024,Europa,108.7,35.3,False
UEFA Euro 2024,Europa,107.5,24.9,True
UEFA Euro 2024,Europa,96.2,17.6,False
UEFA Euro 2024,Europa,107.9,38.5,False
UEFA Euro 2024,Europa,101.2,41.1,False
UEFA Euro 2024,Europa,112.9,46.5,False
UEFA Euro 2024,Europa,119.2,79.2,False
UEFA Euro 2024,Europa,110.1,39.2,False
UEFA Euro 2024,Europa,99.5,38.3,False
UEFA Euro 2024,Europa,101.2,41.0,False
UEFA Euro 2024,Europa,113.0,42.2,False
UEFA Euro 2024,Europa,110.6,49.7,False
UEFA Euro 2024,Europa,114.0,38.3,False
UEFA Euro 2024,Europa,96.4,38.6,False
UEFA Euro 2024,Europa,109.6,39.8,False
UEFA Euro 2024,Europa,112.5,27.9,False
UEFA Euro 2024,Europa,104.2,47.5,False
UEFA Euro 2024,Europa,97.1,47.3,False
UEFA Euro 2024,Europa,111.4,47.2,False
UEFA Euro 2024,Europa,94.3,33.1,False
UEFA Euro 2024,Europa,114.2,28.3,False
UEFA Euro 2024,Europa,108.3,25.7,False
UEFA Euro 2024,Europa,106.1,51.7,False
UEFA Euro 2024,Europa,115.6,36.0,True
UEFA Euro 2024,Europa,112.2,27.4,False
UEFA Euro 2024,Europa,104.2,33.2,True
UEFA Euro 2024,Europa,114.4,52.5,False
UEFA Euro 2024,Europa,111.7,41.6,False
UEFA Euro 2024,Europa,96.9,35.6,False
UEFA Euro 2024,Europa,105.0,10.5,False
UEFA Euro 2024,Europa,89.8,31.3,False
UEFA Euro 2024,Europa,116.0,29.4,False
UEFA Euro 2024,Europa,98.7,40.3,False
UEFA Euro 2024,Europa,105.5,48.4,False
UEFA Euro 2024,Europa,111.7,25.4,False
UEFA Euro 2024,Europa,91.9,22.4,False
UEFA Euro 2024,Europa,95.8,44.3,False
UEFA Euro 2024,Europa,106.5,42.7,False
UEFA Euro 2024,Europa,100.8,38.4,False
UEFA Euro 2024,Europa,107.5,45.5,False
UEFA Euro 2024,Europa,99.4,27.1,False
UEFA Euro 2024,Europa,104.4,30.4,False
UEFA Euro 2024,Europa,88.9,37.9,False
UEFA Euro 2024,Europa,108.9,27.4,False
UEFA Euro 2024,Europa,86.6,24.3,False
UEFA Euro 2024,Europa,96.9,33.5,False
UEFA Euro 2024,Europa,101.4,50.6,False
UEFA Euro 2024,Europa,112.9,46.6,False
UEFA Euro 2024,Europa,108.1,40.1,False
UEFA Euro 2024,Europa,107.5,47.3,False
UEFA Euro 2024,Europa,111.3,45.2,False
UEFA Euro 2024,Europa,95.3,28.0,False
UEFA Euro 2024,Europa,98.6,32.8,False
UEFA Euro 2024,Europa,93.7,32.8,False
UEFA Euro 2024,Europa,107.5,34.4,False
UEFA Euro 2024,Europa,86.6,41.9,False
UEFA Euro 2024,Europa,108.1,40.1,False
UEFA Euro 2024,Europa,108.1,40.1,True
UEFA Euro 2024,Europa,108.1,40.1,False
UEFA Euro 2024,Europa,108.2,40.1,True
UEFA Euro 2024,Europa,108.1,40.1,False
UEFA Euro 2024,Europa,108.1,40.1,True
UEFA Euro 2024,Europa,95.1,40.3,False
UEFA Euro 2024,Europa,109.5,47.0,False
UEFA Euro 2024,Europa,110.9,32.9,False
UEFA Euro 2024,Europa,113.4,30.1,False
UEFA Euro 2024,Europa,100.2,33.1,False
UEFA Euro 2024,Europa,103.6,48.1,False
UEFA Euro 2024,Europa,109.8,23.8,False
UEFA Euro 2024,Europa,111.8,34.6,False
UEFA Euro 2024,Europa,103.7,54.8,False
UEFA Euro 2024,Europa,87.6,30.5,False
UEFA Euro 2024,Europa,102.1,31.3,False
UEFA Euro 2024,Europa,86.4,29.1,False
UEFA Euro 2024,Europa,99.6,43.4,False
UEFA Euro 2024,Europa,94.3,48.5,False
UEFA Euro 2024,Europa,96.3,28.4,False
UEFA Euro 2024,Europa,113.4,27.4,False
UEFA Euro 2024,Europa,102.1,36.2,True
UEFA Euro 2024,Europa,53.8,38.5,False
UEFA Euro 2024,Europa,92.7,49.6,False
UEFA Euro 2024,Europa,96.2,46.3,False
UEFA Euro 2024,Europa,57.4,28.1,False
UEFA Euro 2024,Europa,99.6,43.0,False
UEFA Euro 2024,Europa,115.6,35.6,True
UEFA Euro 2024,Europa,101.0,47.7,False
UEFA Euro 2024,Europa,94.8,37.3,False
UEFA Euro 2024,Europa,95.6,45.7,False
UEFA Euro 2024,Europa,101.6,49.4,False
UEFA Euro 2024,Europa,104.9,41.5,False
UEFA Euro 2024,Europa,108.4,23.4,False
UEFA Euro 2024,Europa,93.3,30.5,False
UEFA Euro 2024,Europa,111.2,29.5,True
UEFA Euro 2024,Europa,108.3,38.6,False
UEFA Euro 2024,Europa,114.8,47.3,False
UEFA Euro 2024,Europa,107.6,49.0,False
UEFA Euro 2024,Europa,102.3,38.5,True
UEFA Euro 2024,Europa,104.8,29.5,False
UEFA Euro 2024,Europa,99.5,41.3,False
UEFA Euro 2024,Europa,114.6,50.7,False
UEFA Euro 2024,Europa,106.0,40.5,False
UEFA Euro 2024,Europa,107.3,35.8,False
UEFA Euro 2024,Europa,101.0,34.2,False
UEFA Euro 2024,Europa,102.8,29.9,False
UEFA Euro 2024,Europa,107.1,32.1,False
UEFA Euro 2024,Europa,111.7,46.4,False
UEFA Euro 2024,Europa,97.3,46.8,False
UEFA Euro 2024,Europa,113.3,44.7,True
UEFA Euro 2024,Europa,111.3,46.9,False
UEFA Euro 2024,Europa,97.4,34.3,False
UEFA Euro 2024,Europa,92.1,46.0,False
UEFA Euro 2024,Europa,104.9,32.5,False
UEFA Euro 2024,Europa,62.7,30.6,False
UEFA Euro 2024,Europa,111.7,40.2,False
UEFA Euro 2024,Europa,99.1,25.5,False
UEFA Euro 2024,Europa,111.7,39.5,False
UEFA Euro 2024,Europa,93.5,36.7,False
UEFA Euro 2024,Europa,107.4,40.0,False
UEFA Euro 2024,Europa,89.4,45.1,False
UEFA Euro 2024,Europa,110.1,40.9,True
UEFA Euro 2024,Europa,96.5,37.6,False
UEFA Euro 2024,Europa,116.2,42.1,True
UEFA Euro 2024,Europa,114.9,42.3,False
UEFA Euro 2024,Europa,94.0,56.4,False
UEFA Euro 2024,Europa,88.8,47.2,False
UEFA Euro 2024,Europa,115.1,57.3,False
UEFA Euro 2024,Europa,112.1,35.7,False
UEFA Euro 2024,Europa,111.9,36.3,False
UEFA Euro 2024,Europa,99.9,42.1,False
UEFA Euro 2024,Europa,107.2,40.3,False
UEFA Euro 2024,Europa,112.0,43.3,False
UEFA Euro 2024,Europa,94.6,37.4,False
UEFA Euro 2024,Europa,108.8,22.8,False
UEFA Euro 2024,Europa,110.4,40.1,False
UEFA Euro 2024,Europa,104.1,55.1,False
UEFA Euro 2024,Europa,103.5,39.6,False
UEFA Euro 2024,Europa,105.4,55.7,False
UEFA Euro 2024,Europa,91.2,33.8,False
UEFA Euro 2024,Europa,91.8,48.8,False
UEFA Euro 2024,Europa,110.1,37.1,False
UEFA Euro 2024,Europa,89.0,29.3,False
UEFA Euro 2024,Europa,107.4,23.8,False
UEFA Euro 2024,Europa,110.9,34.6,False
UEFA Euro 2024,Europa,106.9,46.4,False
UEFA Euro 2024,Europa,101.3,42.6,False
UEFA Euro 2024,Europa,107.3,33.1,False
UEFA Euro 2024,Europa,107.6,38.7,False
UEFA Euro 2024,Europa,107.5,53.5,True
UEFA Euro 2024,Europa,96.3,57.9,False
UEFA Euro 2024,Europa,109.7,40.6,False
UEFA Euro 2024,Europa,113.0,47.4,False
UEFA Euro 2024,Europa,109.6,50.2,False
UEFA Euro 2024,Europa,107.1,33.1,False
UEFA Euro 2024,Europa,95.6,37.2,False
UEFA Euro 2024,Europa,104.0,24.3,False
UEFA Euro 2024,Europa,110.4,36.2,False
UEFA Euro 2024,Europa,108.6,44.8,False
UEFA Euro 2024,Europa,96.6,33.2,False
UEFA Euro 2024,Europa,61.0,43.8,False
UEFA Euro 2024,Europa,105.7,48.1,False
UEFA Euro 2024,Europa,95.7,31.3,False
UEFA Euro 2024,Europa,96.6,62.0,False
UEFA Euro 2024,Europa,95.9,60.5,False
UEFA Euro 2024,Europa,97.4,48.1,False
UEFA Euro 2024,Europa,98.4,23.9,False
UEFA Euro 2024,Europa,94.4,46.8,False
UEFA Euro 2024,Europa,107.7,27.1,False
UEFA Euro 2024,Europa,113.8,35.1,False
UEFA Euro 2024,Europa,111.0,26.6,False
UEFA Euro 2024,Europa,109.2,44.2,False
UEFA Euro 2024,Europa,108.8,40.8,False
UEFA Euro 2024,Europa,91.2,49.7,False
UEFA Euro 2024,Europa,110.3,32.0,False
UEFA Euro 2024,Europa,107.1,28.1,False
UEFA Euro 2024,Europa,110.5,37.7,False
UEFA Euro 2024,Europa,90.2,42.2,False
UEFA Euro 2024,Europa,92.3,36.2,False
UEFA Euro 2024,Europa,101.0,40.2,False
UEFA Euro 2024,Europa,112.5,27.4,False
UEFA Euro 2024,Europa,100.8,38.0,False
UEFA Euro 2024,Europa,105.9,20.0,False
UEFA Euro 2024,Europa,111.5,39.7,False
UEFA Euro 2024,Europa,112.3,31.4,False
UEFA Euro 2024,Europa,115.0,51.7,False
UEFA Euro 2024,Europa,108.2,37.4,False
UEFA Euro 2024,Europa,108.0,40.0,True
UEFA Euro 2024,Europa,108.9,31.0,False
UEFA Euro 2024,Europa,105.6,30.8,False
UEFA Euro 2024,Europa,110.2,28.9,True
UEFA Euro 2024,Europa,114.2,33.2,False
UEFA Euro 2024,Europa,48.1,47.9,False
UEFA Euro 2024,Europa,94.3,43.0,False
UEFA Euro 2024,Europa,97.7,22.4,False
UEFA Euro 2024,Europa,101.4,45.0,False
UEFA Euro 2024,Europa,106.8,42.2,False
UEFA Euro 2024,Europa,106.6,29.6,False
UEFA Euro 2024,Europa,108.4,51.9,False
UEFA Euro 2024,Europa,106.4,30.3,False
UEFA Euro 2024,Europa,108.0,50.3,False
UEFA Euro 2024,Europa,94.4,42.5,False
UEFA Euro 2024,Europa,93.7,36.4,False
UEFA Euro 2024,Europa,109.2,27.3,False
UEFA Euro 2024,Europa,108.7,53.7,False
UEFA Euro 2024,Europa,108.1,55.0,False
UEFA Euro 2024,Europa,91.6,25.6,False
UEFA Euro 2024,Europa,111.1,34.4,True
UEFA Euro 2024,Europa,100.0,66.4,False
UEFA Euro 2024,Europa,103.5,25.6,True
UEFA Euro 2024,Europa,116.2,51.2,False
UEFA Euro 2024,Europa,95.3,39.3,False
UEFA Euro 2024,Europa,91.6,28.4,False
UEFA Euro 2024,Europa,90.0,45.3,False
UEFA Euro 2024,Europa,94.9,52.6,False
UEFA Euro 2024,Europa,100.3,30.0,False
UEFA Euro 2024,Europa,99.1,44.7,False
UEFA Euro 2024,Europa,109.4,41.6,False
UEFA Euro 2024,Europa,116.9,34.1,False
UEFA Euro 2024,Europa,91.4,28.3,False
UEFA Euro 2024,Europa,97.5,43.0,False
UEFA Euro 2024,Europa,98.7,40.3,False
UEFA Euro 2024,Europa,114.8,26.8,False
UEFA Euro 2024,Europa,93.0,29.9,False
UEFA Euro 2024,Europa,103.4,63.1,False
UEFA Euro 2024,Europa,89.7,52.3,False
UEFA Euro 2024,Europa,88.7,42.2,False
UEFA Euro 2024,Europa,94.0,53.7,False
UEFA Euro 2024,Europa,116.5,32.3,False
UEFA Euro 2024,Europa,94.9,41.6,False
UEFA Euro 2024,Europa,104.9,32.0,False
UEFA Euro 2024,Europa,96.1,25.7,False
UEFA Euro 2024,Europa,104.1,28.3,False
UEFA Euro 2024,Europa,110.5,43.0,False
UEFA Euro 2024,Europa,103.9,55.7,False
UEFA Euro 2024,Europa,97.0,44.5,False
UEFA Euro 2024,Europa,111.0,54.9,False
UEFA Euro 2024,Europa,113.8,51.1,False
UEFA Euro 2024,Europa,95.1,32.3,False
UEFA Euro 2024,Europa,93.3,29.7,False
UEFA Euro 2024,Europa,105.4,30.9,False
UEFA Euro 2024,Europa,110.3,39.8,False
UEFA Euro 2024,Europa,107.2,36.6,True
UEFA Euro 2024,Europa,108.6,53.7,False
UEFA Euro 2024,Europa,95.1,22.1,False
UEFA Euro 2024,Europa,107.7,37.5,False
UEFA Euro 2024,Europa,99.8,29.6,False
UEFA Euro 2024,Europa,92.8,30.8,False
UEFA Euro 2024,Europa,109.8,55.4,False
UEFA Euro 2024,Europa,105.9,50.3,False
UEFA Euro 2024,Europa,94.8,31.5,False
UEFA Euro 2024,Europa,99.3,55.2,False
UEFA Euro 2024,Europa,107.6,35.3,False
UEFA Euro 2024,Europa,98.5,45.2,False
UEFA Euro 2024,Europa,94.8,56.3,False
UEFA Euro 2024,Europa,92.3,33.5,False
UEFA Euro 2024,Europa,110.5,38.1,False
UEFA Euro 2024,Europa,91.3,33.0,False
UEFA Euro 2024,Europa,98.8,41.7,False
UEFA Euro 2024,Europa,109.8,41.1,False
UEFA Euro 2024,Europa,113.8,43.8,False
UEFA Euro 2024,Europa,96.6,20.8,False
UEFA Euro 2024,Europa,102.5,50.5,False
UEFA Euro 2024,Europa,110.3,32.8,False
UEFA Euro 2024,Europa,103.9,36.2,False
UEFA Euro 2024,Europa,106.8,38.5,False
UEFA Euro 2024,Europa,107.0,50.6,False
UEFA Euro 2024,Europa,113.1,39.3,False
UEFA Euro 2024,Europa,112.6,43.2,False
UEFA Euro 2024,Europa,101.1,29.8,False
UEFA Euro 2024,Europa,115.3,49.5,False
UEFA Euro 2024,Europa,88.6,42.3,False
UEFA Euro 2024,Europa,83.3,37.9,False
UEFA Euro 2024,Europa,99.7,38.8,False
UEFA Euro 2024,Europa,93.4,47.8,False
UEFA Euro 2024,Europa,94.8,46.2,False
UEFA Euro 2024,Europa,103.2,57.2,False
UEFA Euro 2024,Europa,110.9,35.1,False
UEFA Euro 2024,Europa,92.3,35.6,False
UEFA Euro 2024,Europa,113.8,27.3,False
UEFA Euro 2024,Europa,93.0,33.9,False
UEFA Euro 2024,Europa,113.0,44.1,False
UEFA Euro 2024,Europa,97.3,55.7,False
UEFA Euro 2024,Europa,103.5,21.2,False
UEFA Euro 2024,Europa,94.5,25.7,False
UEFA Euro 2024,Europa,109.9,29.1,False
UEFA Euro 2024,Europa,113.5,46.0,False
UEFA Euro 2024,Europa,115.1,31.7,False
UEFA Euro 2024,Europa,112.0,24.5,False
UEFA Euro 2024,Europa,106.6,29.2,False
UEFA Euro 2024,Europa,102.5,30.0,False
UEFA Euro 2024,Europa,111.4,42.7,True
UEFA Euro 2024,Europa,106.7,25.1,False
UEFA Euro 2024,Europa,97.8,46.2,False
UEFA Euro 2024,Europa,94.7,32.2,False
UEFA Euro 2024,Europa,101.7,54.2,False
UEFA Euro 2024,Europa,111.9,40.4,False
UEFA Euro 2024,Europa,102.8,44.5,False
UEFA Euro 2024,Europa,106.4,34.7,False
UEFA Euro 2024,Europa,87.8,29.0,False
UEFA Euro 2024,Europa,109.1,43.0,False
UEFA Euro 2024,Europa,92.7,55.5,False
UEFA Euro 2024,Europa,109.1,39.2,False
UEFA Euro 2024,Europa,111.9,35.4,False
UEFA Euro 2024,Europa,106.9,52.1,False
UEFA Euro 2024,Europa,114.6,45.6,False
UEFA Euro 2024,Europa,96.8,31.1,False
UEFA Euro 2024,Europa,111.2,47.0,False
UEFA Euro 2024,Europa,112.5,39.2,False
UEFA Euro 2024,Europa,117.2,36.5,False
UEFA Euro 2024,Europa,95.5,50.4,False
UEFA Euro 2024,Europa,93.8,28.3,False
UEFA Euro 2024,Europa,97.9,33.3,False
UEFA Euro 2024,Europa,102.5,50.5,False
UEFA Euro 2024,Europa,113.6,43.1,False
UEFA Euro 2024,Europa,92.4,34.4,False
UEFA Euro 2024,Europa,107.3,33.5,True
UEFA Euro 2024,Europa,111.7,38.8,False
UEFA Euro 2024,Europa,105.9,35.7,False
UEFA Euro 2024,Europa,95.3,47.0,False
UEFA Euro 2024,Europa,112.1,23.1,False
UEFA Euro 2024,Europa,96.3,46.2,False
UEFA Euro 2024,Europa,110.2,36.4,False
UEFA Euro 2024,Europa,108.0,40.2,True
UEFA Euro 2024,Europa,99.3,39.6,False
UEFA Euro 2024,Europa,103.2,30.4,False
UEFA Euro 2024,Europa,113.3,35.8,False
UEFA Euro 2024,Europa,101.1,50.7,False
UEFA Euro 2024,Europa,109.3,54.7,False
UEFA Euro 2024,Europa,114.9,48.7,False
UEFA Euro 2024,Europa,109.2,48.8,False
UEFA Euro 2024,Europa,101.3,38.3,False
UEFA Euro 2024,Europa,111.1,36.9,True
UEFA Euro 2024,Europa,95.7,21.5,False
UEFA Euro 2024,Europa,120.0,34.2,False
UEFA Euro 2024,Europa,103.4,42.8,False
UEFA Euro 2024,Europa,107.1,32.0,False
UEFA Euro 2024,Europa,99.3,51.3,False
UEFA Euro 2024,Europa,98.4,43.3,False
UEFA Euro 2024,Europa,97.9,58.4,False
UEFA Euro 2024,Europa,102.8,49.0,False
UEFA Euro 2024,Europa,90.2,56.9,False
UEFA Euro 2024,Europa,99.5,44.2,False
UEFA Euro 2024,Europa,100.1,56.9,False
UEFA Euro 2024,Europa,107.7,39.4,False
UEFA Euro 2024,Europa,113.5,42.2,False
UEFA Euro 2024,Europa,96.7,35.8,False
UEFA Euro 2024,Europa,107.9,35.3,True
UEFA Euro 2024,Europa,112.0,56.5,False
UEFA Euro 2024,Europa,107.3,48.4,False
UEFA Euro 2024,Europa,98.8,47.3,False
UEFA Euro 2024,Europa,88.7,42.1,False
UEFA Euro 2024,Europa,111.4,24.3,False
UEFA Euro 2024,Europa,113.5,40.6,False
UEFA Euro 2024,Europa,106.4,51.1,False
UEFA Euro 2024,Europa,112.1,38.3,False
UEFA Euro 2024,Europa,109.4,25.8,False
UEFA Euro 2024,Europa,115.5,26.8,False
UEFA Euro 2024,Europa,103.8,52.8,False
UEFA Euro 2024,Europa,115.3,47.9,False
UEFA Euro 2024,Europa,103.5,28.8,False
UEFA Euro 2024,Europa,111.3,38.4,False
UEFA Euro 2024,Europa,108.8,36.7,False
UEFA Euro 2024,Europa,95.2,54.1,False
UEFA Euro 2024,Europa,103.9,37.9,False
UEFA Euro 2024,Europa,101.6,58.4,False
UEFA Euro 2024,Europa,114.1,41.1,False
UEFA Euro 2024,Europa,106.4,48.3,False
UEFA Euro 2024,Europa,111.7,52.9,False
UEFA Euro 2024,Europa,103.4,28.8,False
UEFA Euro 2024,Europa,113.9,50.8,False
UEFA Euro 2024,Europa,108.1,33.2,False
UEFA Euro 2024,Europa,111.9,40.2,False
UEFA Euro 2024,Europa,111.8,53.1,False
UEFA Euro 2024,Europa,101.2,26.4,False
UEFA Euro 2024,Europa,107.4,41.5,False
UEFA Euro 2024,Europa,114.4,38.1,False
UEFA Euro 2024,Europa,105.4,32.4,False
UEFA Euro 2024,Europa,116.3,28.9,True
UEFA Euro 2024,Europa,106.4,57.6,False
UEFA Euro 2024,Europa,91.7,24.9,False
UEFA Euro 2024,Europa,102.7,49.3,False
UEFA Euro 2024,Europa,99.8,38.5,False
UEFA Euro 2024,Europa,99.4,31.0,False
UEFA Euro 2024,Europa,112.7,41.8,False
UEFA Euro 2024,Europa,103.8,38.0,False
UEFA Euro 2024,Europa,115.7,49.2,False
UEFA Euro 2024,Europa,100.0,24.7,False
UEFA Euro 2024,Europa,79.8,40.3,False
UEFA Euro 2024,Europa,110.7,53.2,False
UEFA Euro 2024,Europa,99.9,47.5,False
UEFA Euro 2024,Europa,109.8,39.3,False
UEFA Euro 2024,Europa,114.8,49.2,False
UEFA Euro 2024,Europa,110.9,40.0,False
UEFA Euro 2024,Europa,99.7,51.7,False
UEFA Euro 2024,Europa,111.6,44.8,False
UEFA Euro 2024,Europa,97.5,49.6,False
UEFA Euro 2024,Europa,98.6,35.1,False
UEFA Euro 2024,Europa,108.7,35.8,False
UEFA Euro 2024,Europa,100.3,47.6,False
UEFA Euro 2024,Europa,109.4,52.0,False
UEFA Euro 2024,Europa,111.8,51.9,True
UEFA Euro 2024,Europa,105.9,42.6,False
UEFA Euro 2024,Europa,111.0,57.1,False
UEFA Euro 2024,Europa,106.8,57.6,False
UEFA Euro 2024,Europa,103.5,35.1,False
UEFA Euro 2024,Europa,105.2,23.6,False
UEFA Euro 2024,Europa,117.6,45.7,True
UEFA Euro 2024,Europa,104.8,50.9,False
UEFA Euro 2024,Europa,100.8,36.7,True
UEFA Euro 2024,Europa,115.6,39.0,False
UEFA Euro 2024,Europa,95.4,34.3,False
UEFA Euro 2024,Europa,112.8,31.8,False
UEFA Euro 2024,Europa,113.1,50.5,False
UEFA Euro 2024,Europa,114.8,50.6,False
UEFA Euro 2024,Europa,112.8,39.8,False
UEFA Euro 2024,Europa,93.3,50.5,False
UEFA Euro 2024,Europa,109.0,36.9,False
UEFA Euro 2024,Europa,97.7,44.6,False
UEFA Euro 2024,Europa,92.6,22.7,False
UEFA Euro 2024,Europa,101.6,52.7,False
UEFA Euro 2024,Europa,116.2,31.1,False
UEFA Euro 2024,Europa,97.3,43.8,False
UEFA Euro 2024,Europa,95.3,22.5,False
UEFA Euro 2024,Europa,114.6,51.8,False
UEFA Euro 2024,Europa,100.7,25.2,False
UEFA Euro 2024,Europa,99.2,37.7,False
UEFA Euro 2024,Europa,94.7,52.1,False
UEFA Euro 2024,Europa,105.8,41.1,False
UEFA Euro 2024,Europa,108.5,45.8,False
UEFA Euro 2024,Europa,104.9,42.4,False
UEFA Euro 2024,Europa,106.4,27.8,False
UEFA Euro 2024,Europa,109.9,53.7,False
UEFA Euro 2024,Europa,85.4,26.7,False
UEFA Euro 2024,Europa,112.3,37.0,False
UEFA Euro 2024,Europa,97.0,22.1,False
UEFA Euro 2024,Europa,111.2,35.7,True
UEFA Euro 2024,Europa,109.3,44.5,False
UEFA Euro 2024,Europa,94.0,43.4,False
UEFA Euro 2024,Europa,108.1,40.1,True
UEFA Euro 2024,Europa,102.7,30.5,False
UEFA Euro 2024,Europa,87.6,38.5,False
UEFA Euro 2024,Europa,116.4,26.9,False
UEFA Euro 2024,Europa,101.6,49.2,False
UEFA Euro 2024,Europa,104.3,26.3,False
UEFA Euro 2024,Europa,103.7,41.8,False
UEFA Euro 2024,Europa,105.1,23.6,False
UEFA Euro 2024,Europa,84.5,53.0,False
UEFA Euro 2024,Europa,100.4,44.1,True
UEFA Euro 2024,Europa,93.6,55.2,False
UEFA Euro 2024,Europa,112.5,41.9,False
UEFA Euro 2024,Europa,97.9,35.9,False
UEFA Euro 2024,Europa,109.4,38.9,False
UEFA Euro 2024,Europa,95.2,41.2,False
UEFA Euro 2024,Europa,105.6,47.5,False
UEFA Euro 2024,Europa,109.5,34.6,False
UEFA Euro 2024,Europa,96.8,36.4,False
UEFA Euro 2024,Europa,99.7,27.7,False
UEFA Euro 2024,Europa,116.0,27.9,False
UEFA Euro 2024,Europa,114.9,25.6,False
UEFA Euro 2024,Europa,103.5,54.0,False
UEFA Euro 2024,Europa,102.7,54.8,False
UEFA Euro 2024,Europa,103.1,52.4,False
UEFA Euro 2024,Europa,112.0,41.3,False
UEFA Euro 2024,Europa,95.8,55.5,False
UEFA Euro 2024,Europa,106.3,28.4,False
UEFA Euro 2024,Europa,100.1,24.4,False
UEFA Euro 2024,Europa,101.0,40.8,False
UEFA Euro 2024,Europa,97.2,31.6,False
UEFA Euro 2024,Europa,105.7,50.3,False
UEFA Euro 2024,Europa,111.0,45.3,False
UEFA Euro 2024,Europa,110.6,27.2,False
UEFA Euro 2024,Europa,109.0,43.5,False
UEFA Euro 2024,Europa,94.3,30.6,False
UEFA Euro 2024,Europa,107.2,46.5,False
UEFA Euro 2024,Europa,83.8,29.8,False
UEFA Euro 2024,Europa,106.4,44.6,True
UEFA Euro 2024,Europa,105.8,34.7,False
UEFA Euro 2024,Europa,112.9,29.4,False
UEFA Euro 2024,Europa,109.3,54.4,False
UEFA Euro 2024,Europa,114.2,51.8,False
UEFA Euro 2024,Europa,90.4,46.8,False
UEFA Euro 2024,Europa,101.1,42.0,True
UEFA Euro 2024,Europa,106.4,35.4,True
UEFA Euro 2024,Europa,101.2,41.6,False
UEFA Euro 2024,Europa,111.0,43.4,False
UEFA Euro 2024,Europa,108.1,40.1,True
UEFA Euro 2024,Europa,82.1,44.8,False
UEFA Euro 2024,Europa,106.9,43.3,False
UEFA Euro 2024,Europa,98.1,29.4,False
UEFA Euro 2024,Europa,95.4,57.2,False
UEFA Euro 2024,Europa,112.6,50.1,False
UEFA Euro 2024,Europa,110.1,37.4,False
UEFA Euro 2024,Europa,102.9,28.5,False
UEFA Euro 2024,Europa,88.9,37.2,False
UEFA Euro 2024,Europa,107.5,54.1,False
UEFA Euro 2024,Europa,99.2,28.8,False
UEFA Euro 2024,Europa,104.1,39.3,True
UEFA Euro 2024,Europa,102.8,25.6,False
UEFA Euro 2024,Europa,98.9,55.4,False
UEFA Euro 2024,Europa,92.6,43.3,False
UEFA Euro 2024,Europa,108.8,50.0,False
UEFA Euro 2024,Europa,98.5,39.4,True
