jogador,time,continente,gols,chutes,passes,passes_certos,faltas,precisao_passe
Abdiel Armando Ayarza Cocanegra,Panama,América do Sul,0,3,9,8,3,88.9
Abdülkerim Bardakcı,Turkey,Europa,0,2,216,186,4,86.1
Adalberto Eliécer Carrasquilla Alcázar,Panama,América do Sul,0,2,109,94,2,86.2
Adalid Terrazas Abasto,Bolivia,América do Sul,0,0,34,31,3,91.2
Adam Buksa,Poland,Europa,1,3,11,10,2,90.9
Adam Fernando Bareiro Gamarra,Paraguay,América do Sul,0,0,14,8,5,57.1
Adam Gnezda Čerin,Slovenia,Europa,0,4,165,130,11,78.8
Adam Hložek,Czech Republic,Europa,0,4,16,16,3,100.0
Adam Obert,Slovakia,Europa,0,0,27,23,1,85.2
Adrien Rabiot,France,Europa,0,3,235,214,6,91.1
Adrián Andrés Cubas,Paraguay,América do Sul,0,0,92,82,3,89.1
Adrián Rus,Romania,Europa,0,0,5,1,1,20.0
Agustín Canobbio Graviz,Uruguay,América do Sul,0,0,4,3,0,75.0
Alan Steve Minda García,Ecuador,América do Sul,1,2,15,10,1,66.7
Alan Steven Franco Palma,Ecuador,América do Sul,0,3,104,89,3,85.6
Aldo Sebastián Corzo Chávez,Peru,América do Sul,0,0,16,10,3,62.5
Alejandro Baena Rodríguez,Spain,Europa,0,0,12,11,2,91.7
Alejandro Garnacho Ferreyra,Argentina,América do Sul,0,2,22,18,0,81.8
Alejandro Grimaldo García,Spain,Europa,0,0,104,89,0,85.6
Alejandro Jesús Bran Flores,Costa Rica,América do Sul,0,1,16,10,2,62.5
Alejandro Romero Gamarra,Paraguay,América do Sul,0,0,36,28,0,77.8
Aleksandar Mitrović,Serbia,Europa,0,10,51,39,2,76.5
Alessandro Bastoni,Italy,Europa,1,3,335,309,3,92.2
Alex Adrián Arce Barrios,Paraguay,América do Sul,0,5,35,21,1,60.0
Alexander Andre Marshsall,Jamaica,América do Sul,0,1,4,3,0,75.0
Alexander David González Sibulo,Venezuela,América do Sul,0,0,117,90,1,76.9
Alexander Domínguez Carabalí,Ecuador,América do Sul,0,0,104,61,0,58.7
Alexander Hartmann Bah,Denmark,Europa,0,2,165,130,3,78.8
Alexander Martín Marquinho Callens Asín,Peru,América do Sul,0,0,94,69,3,73.4
Alexander Prass,Austria,Europa,0,0,92,72,3,78.3
Alexandru Cicâldău,Romania,Europa,0,0,5,2,0,40.0
Alexis Alejandro Sánchez Sánchez,Chile,América do Sul,0,4,93,60,2,64.5
Alexis Mac Allister,Argentina,América do Sul,1,7,218,198,10,90.8
Ali Ahmed,Canada,América do Sul,0,1,53,40,3,75.5
Alisson Ramsés Becker,Brazil,América do Sul,0,0,133,120,0,90.2
Alistair Johnston,Canada,América do Sul,0,1,287,227,9,79.1
Alphonso Davies,Canada,América do Sul,1,8,217,168,4,77.4
Altay Bayındır,Turkey,Europa,0,0,35,28,0,80.0
Amadou Onana,Belgium,Europa,0,3,236,215,2,91.1
Anatolii Trubin,Ukraine,Europa,0,0,71,55,0,77.5
Anderson Santamaría Bardales,Peru,América do Sul,0,0,13,8,0,61.5
Andraž Šporar,Slovenia,Europa,0,8,68,46,2,67.6
Andrea Cambiaso,Italy,Europa,0,0,48,38,2,79.2
Andreas Christensen,Denmark,Europa,0,4,234,221,2,94.4
Andreas Hoelgebaum Pereira,Brazil,América do Sul,1,2,23,10,2,43.5
Andreas Skov Olsen,Denmark,Europa,0,1,40,29,2,72.5
Andreas Weimann,Austria,Europa,0,0,0,0,0,
Andrei Burcă Andonie,Romania,Europa,0,1,148,113,2,76.4
Andrei Florin Ratiu,Romania,Europa,0,3,124,102,0,82.3
Andrej Kramarić,Croatia,Europa,1,4,90,71,4,78.9
Andrew Robertson,Scotland,Europa,0,0,122,93,1,76.2
Andrija Živković,Serbia,Europa,0,0,144,117,1,81.2
Andriy Lunin,Ukraine,Europa,0,0,24,23,0,95.8
Andriy Yarmolenko,Ukraine,Europa,0,4,50,34,2,68.0
András Schäfer,Hungary,Europa,0,2,131,114,6,87.0
André Martín Carrillo Díaz,Peru,América do Sul,0,1,10,7,1,70.0
Andrés Mateus Uribe Villa,Colombia,América do Sul,0,3,104,92,3,88.5
Andy Jorman Polo Andrade,Peru,América do Sul,0,0,78,60,4,76.9
Andy Rojas Maroto,Costa Rica,América do Sul,0,0,3,3,0,100.0
Angelo Smit Preciado Quiñónez,Ecuador,América do Sul,0,5,140,92,7,65.7
Angus Gunn,Scotland,Europa,0,0,115,69,0,60.0
Ante Budimir,Croatia,Europa,0,4,15,7,6,46.7
Anthony Daniel Contreras Enríquez,Costa Rica,América do Sul,0,0,5,2,0,40.0
Anthony Gordon,England,Europa,0,0,3,3,0,100.0
Anthony Ralston,Scotland,Europa,0,0,92,68,4,73.9
Antoine Griezmann,France,Europa,0,12,197,152,2,77.2
Antonee Robinson,United States,América do Sul,0,3,140,105,4,75.0
Antonio Rüdiger,Germany,Europa,0,4,409,373,5,91.2
Antonín Barák,Czech Republic,Europa,0,0,25,20,3,80.0
António João Pereira Albuquerque Tavares Silva,Portugal,Europa,0,1,68,60,1,88.2
Anzor Mekvabishvili,Georgia,Europa,0,2,88,74,4,84.1
Arbër Hoxha,Albania,Europa,0,2,20,15,1,75.0
Arda Güler,Turkey,Europa,1,9,194,164,2,84.5
Ariel Lassiter,Costa Rica,América do Sul,0,1,35,25,1,71.4
Arlind Afrim Ajeti,Albania,Europa,0,0,107,90,1,84.1
Armando Broja,Albania,Europa,0,2,17,11,2,64.7
Artem Dovbyk,Ukraine,Europa,0,6,35,27,3,77.1
Arthur Theate,Belgium,Europa,0,2,195,166,1,85.1
Attila Fiola,Hungary,Europa,0,0,68,53,7,77.9
Attila Szalai,Hungary,Europa,0,1,62,50,2,80.6
Aurélien Djani Tchouaméni,France,Europa,0,12,381,354,8,92.9
Aymeric Laporte,Spain,Europa,0,5,489,456,2,93.3
Ayoze Pérez Gutiérrez,Spain,Europa,0,3,3,3,0,100.0
Barnabás Varga,Hungary,Europa,1,4,51,26,2,51.0
Bart Verbruggen,Netherlands,Europa,0,0,210,178,0,84.8
Bartosz Bereszyński,Poland,Europa,0,0,2,1,0,50.0
Bartosz Salamon,Poland,Europa,0,1,31,26,1,83.9
Bartosz Slisz,Poland,Europa,0,0,43,37,3,86.0
Barış Alper Yılmaz,Turkey,Europa,0,4,105,81,6,77.1
Ben Brereton Díaz,Chile,América do Sul,0,2,9,6,0,66.7
Bendegúz Bolla,Hungary,Europa,0,3,69,51,6,73.9
Benjamin Henrichs,Germany,Europa,0,1,5,4,0,80.0
Benjamin Verbič,Slovenia,Europa,0,2,14,6,2,42.9
Benjamin Šeško,Slovenia,Europa,0,8,72,46,4,63.9
Berat Djimsiti,Albania,Europa,0,2,143,129,1,90.2
Bernardo Mota Veiga de Carvalho e Silva,Portugal,Europa,3,9,266,239,1,89.8
Bertuğ Özgür Yıldırım,Turkey,Europa,0,0,0,0,0,
Billy Gilmour,Scotland,Europa,0,2,109,93,1,85.3
Bobby Armani De Cordova-Reid,Jamaica,América do Sul,0,2,84,62,3,73.8
Bogdan Racovițan,Romania,Europa,0,0,26,24,1,92.3
Boris Cespedes,Bolivia,América do Sul,0,0,81,77,2,95.1
Borna Sosa,Croatia,Europa,0,0,2,1,0,50.0
Bradley Barcola,France,Europa,1,3,33,29,1,87.9
Brandon Aguilera Zamora,Costa Rica,América do Sul,0,0,66,53,3,80.3
Brayan Roberto Reyna Casaverde,Peru,América do Sul,0,0,14,12,2,85.7
Breel-Donald Embolo,Switzerland,Europa,2,8,48,41,5,85.4
Brenden Aaronson,United States,América do Sul,0,0,4,3,0,75.0
Bruno Guimarães Rodriguez Moura,Brazil,América do Sul,0,6,225,207,13,92.0
Bruno Miguel Borges Fernandes,Portugal,Europa,2,11,297,222,5,74.7
Bruno Miranda Villagomez,Bolivia,América do Sul,1,1,23,18,0,78.3
Bruno Petković,Croatia,Europa,0,4,21,17,1,81.0
Bryan Cristante,Italy,Europa,0,2,115,103,3,89.6
Budu Zivzivadze,Georgia,Europa,0,1,3,3,0,100.0
Bukayo Saka,England,Europa,2,9,267,223,11,83.5
Callum McGregor,Scotland,Europa,0,3,114,107,2,93.9
Callum Styles,Hungary,Europa,0,0,26,19,1,73.1
Cameron Carter-Vickers,United States,América do Sul,0,0,4,3,0,75.0
Camilo Andrés Vargas Gil,Colombia,América do Sul,0,0,214,144,0,67.3
Carlos Alberto Rodríguez Gómez,Mexico,América do Sul,0,2,33,23,1,69.7
Carlos Armando Gruezo Arboleda,Ecuador,América do Sul,0,0,42,28,6,66.7
Carlos Augusto Zambrano Ochandarte,Peru,América do Sul,0,2,75,58,3,77.3
Carlos Eccehomo Cuesta Figueroa,Colombia,América do Sul,0,3,248,235,3,94.8
Carlos Miguel Harvey Cesneros,Panama,América do Sul,0,0,78,69,1,88.5
Carlos Uriel Antuna Romero,Mexico,América do Sul,0,2,84,58,1,69.0
Carmelo Algarañaz Añez,Bolivia,América do Sul,0,2,22,17,6,77.3
Cenk Tosun,Turkey,Europa,1,3,4,2,0,50.0
Charles De Ketelaere,Belgium,Europa,0,0,0,0,0,
Che Adams,Scotland,Europa,0,2,32,27,7,84.4
Chris Führich,Germany,Europa,0,1,14,13,1,92.9
Chris Richards,United States,América do Sul,0,2,145,123,2,84.8
Christian Alberto Cueva Bravo,Peru,América do Sul,0,1,23,16,1,69.6
Christian Dannemann Eriksen,Denmark,Europa,1,12,221,166,0,75.1
Christian Frederick Bayoi Makoun Reyes,Venezuela,América do Sul,0,0,9,6,0,66.7
Christian Nørgaard,Denmark,Europa,0,0,42,35,2,83.3
Christian Pulisic,United States,América do Sul,1,7,102,65,2,63.7
Christoph Baumgartner,Austria,Europa,1,8,108,77,5,71.3
Claudio Andrés Bravo Muñoz,Chile,América do Sul,0,0,77,51,0,66.2
Cody Mathès Gakpo,Netherlands,Europa,3,13,135,94,6,69.6
Cole Palmer,England,Europa,2,4,77,59,2,76.6
Conor Gallagher,England,Europa,0,0,55,47,6,85.5
Cristian Gabriel Romero,Argentina,América do Sul,0,1,354,328,2,92.7
Cristian Gonzalo Olivera Ibarra,Uruguay,América do Sul,0,0,35,25,3,71.4
Cristian Jesús Martínez,Panama,América do Sul,0,3,158,122,4,77.2
Cristian Sleiker Cásseres Yepes,Venezuela,América do Sul,0,2,62,44,3,71.0
Cristiano Ronaldo dos Santos Aveiro,Portugal,Europa,2,25,101,84,5,83.2
Cyle Larin,Canada,América do Sul,0,7,74,52,10,70.3
César Alejandro Menacho Claros,Bolivia,América do Sul,0,0,9,8,1,88.9
César Augusto Yanis Velasco,Panama,América do Sul,1,1,7,5,0,71.4
César Ignacio Pérez Maldonado,Chile,América do Sul,0,1,4,3,0,75.0
César Jasib Montes Castro,Mexico,América do Sul,0,3,154,124,3,80.5
César Rodolfo Blackman Camarena,Panama,América do Sul,1,4,70,54,4,77.1
César Saúl Huerta Valera,Mexico,América do Sul,0,4,24,16,1,66.7
Damion Lowe,Jamaica,América do Sul,0,1,49,39,6,79.6
Damián Emiliano Martínez,Argentina,América do Sul,0,0,219,180,0,82.2
Damián Josué Bobadilla Benítez,Paraguay,América do Sul,0,4,88,78,4,88.6
Dan Ndoye,Switzerland,Europa,1,14,111,87,11,78.4
Daniel Carvajal Ramos,Spain,Europa,1,2,325,292,6,89.8
Daniel Muñoz Mejía,Colombia,América do Sul,2,4,202,179,13,88.6
Daniel Olmo Carvajal,Spain,Europa,3,17,186,151,2,81.2
Daniel Vivian Moreno,Spain,Europa,0,1,109,102,1,93.6
Danilo Luiz da Silva,Brazil,América do Sul,0,1,259,217,5,83.8
Danilo Luís Hélio Pereira,Portugal,Europa,0,1,88,85,0,96.6
Darius Dumitru Olaru,Romania,Europa,0,0,17,14,0,82.4
Darwin Daniel Machís Marcano,Venezuela,América do Sul,0,4,39,20,4,51.3
Darwin Gabriel Núñez Ribeiro,Uruguay,América do Sul,2,21,71,53,6,74.6
Darío Esteban Osorio Osorio,Chile,América do Sul,0,1,42,25,2,59.5
David Brekalo,Slovenia,Europa,0,0,1,0,0,0.0
David Doudera,Czech Republic,Europa,0,0,26,18,0,69.2
David Jurásek,Czech Republic,Europa,0,4,75,46,1,61.3
David Raum,Germany,Europa,0,1,102,78,2,76.5
David Raya Martin,Spain,Europa,0,0,41,35,0,85.4
David Strelec,Slovakia,Europa,0,7,41,26,3,63.4
Davide Frattesi,Italy,Europa,0,2,60,43,4,71.7
Davinson Sánchez Mina,Colombia,América do Sul,1,7,343,277,7,80.8
Dayne Tristan St. Clair,Canada,América do Sul,0,0,25,16,0,64.0
Dayotchanculle Upamecano,France,Europa,0,3,363,335,4,92.3
Declan Rice,England,Europa,0,9,534,486,8,91.0
Deian Cristian Sorescu,Romania,Europa,0,0,15,11,0,73.3
Deiver Andrés Machado Mena,Colombia,América do Sul,0,0,32,28,1,87.5
Demarai Gray,Jamaica,América do Sul,0,2,43,30,0,69.8
Denis Alibec,Romania,Europa,0,1,3,3,2,100.0
Denis Lemi Zakaria Lako Lado,Switzerland,Europa,0,0,7,7,0,100.0
Denis Mihai Drăguş,Romania,Europa,1,5,56,36,9,64.3
Denis Vavro,Slovakia,Europa,0,3,263,211,1,80.2
Deniz Undav,Germany,Europa,0,0,2,1,0,50.0
Dennis Man,Romania,Europa,0,6,80,52,2,65.0
Denzel Dumfries,Netherlands,Europa,0,4,273,225,10,82.4
Derek Cornelius,Canada,América do Sul,0,1,183,149,9,81.4
Derlis Alberto González Galeano,Paraguay,América do Sul,0,0,3,2,1,66.7
Dexter Lembikisa,Jamaica,América do Sul,0,3,67,41,2,61.2
Di'Shon Bernard,Jamaica,América do Sul,0,1,38,30,3,78.9
Diego Alfonso Valdés Contreras,Chile,América do Sul,0,0,19,17,1,89.5
Diego Daniel Medina Roman,Bolivia,América do Sul,0,0,16,14,2,87.5
Diego Nicolás De La Cruz Arcosa,Uruguay,América do Sul,0,5,163,115,11,70.6
Diogo José Teixeira da Silva,Portugal,Europa,0,2,36,24,2,66.7
Diogo Meireles Costa,Portugal,Europa,0,0,154,139,0,90.3
Dodi Lukebakio,Belgium,Europa,0,3,30,25,4,83.3
Dominik Livaković,Croatia,Europa,0,0,89,66,0,74.2
Dominik Szoboszlai,Hungary,Europa,0,6,156,115,1,73.7
Donyell Malen,Netherlands,Europa,2,6,56,43,1,76.8
Douglas Luiz Soares de Paulo,Brazil,América do Sul,0,1,35,32,2,91.4
Dušan Tadić,Serbia,Europa,0,0,87,65,1,74.7
Dušan Vlahović,Serbia,Europa,0,6,30,17,5,56.7
Dániel Gazdag,Hungary,Europa,0,0,3,3,0,100.0
Dávid Hancko,Slovakia,Europa,0,4,188,136,5,72.3
Dávid Ďuriš,Slovakia,Europa,0,0,2,1,0,50.0
Eberechi Eze,England,Europa,0,2,38,28,1,73.7
Edgar Yoel Bárcenas Herrera,Panama,América do Sul,0,6,145,113,7,77.9
Edgardo Isaac Fariña Wynter,Panama,América do Sul,0,3,188,151,9,80.3
Edson Omar Álvarez Velázquez,Mexico,América do Sul,0,0,23,19,0,82.6
Eduard Alexander Bello Gil,Venezuela,América do Sul,2,4,87,56,1,64.4
Eduardo Antonio Guerrero Lozcano,Panama,América do Sul,1,3,26,20,3,76.9
Eduardo Camavinga,France,Europa,0,2,87,79,9,90.8
Eduardo Jesús Vargas Rojas,Chile,América do Sul,0,0,41,31,7,75.6
Elseid Hysaj,Albania,Europa,0,2,58,47,0,81.0
Emre Can,Germany,Europa,1,1,72,66,2,91.7
Endre Botka,Hungary,Europa,0,0,41,35,2,85.4
Endrick Felipe Moreira de Sousa,Brazil,América do Sul,0,2,8,3,3,37.5
Enner Remberto Valencia Lastra,Ecuador,América do Sul,0,4,25,17,4,68.0
Enzo Fernandez,Argentina,América do Sul,0,6,217,189,4,87.1
Eric Kleybel Ramírez Matheus,Venezuela,América do Sul,1,3,7,7,0,100.0
Erick Antonio Pulgar Farfán,Chile,América do Sul,0,0,99,89,1,89.9
Erick Daniel Sánchez Ocegueda,Mexico,América do Sul,0,1,13,12,1,92.3
Erick Javier Davis Grajales,Panama,América do Sul,0,1,196,150,7,76.5
Erik Janža,Slovenia,Europa,1,3,116,78,3,67.2
Ernest Muçi,Albania,Europa,0,0,8,7,0,87.5
Ernesto Alexis Vega Rojas,Mexico,América do Sul,0,0,25,16,1,64.0
Ethan Horvath,United States,América do Sul,0,0,20,2,0,10.0
Ethan Pinnock,Jamaica,América do Sul,0,1,171,132,0,77.2
Exequiel Alejandro Palacios,Argentina,América do Sul,0,0,70,65,1,92.9
Ezri Konsa Ngoyo,England,Europa,0,0,51,48,0,94.1
Fabian Lukas Schär,Switzerland,Europa,1,6,256,206,6,80.5
Fabian Rieder,Switzerland,Europa,0,1,89,61,2,68.5
Fabián Cornelio Balbuena González,Paraguay,América do Sul,0,4,119,96,0,80.7
Fabián Ruiz Peña,Spain,Europa,2,17,437,388,5,88.8
Facundo Pellistri Rebollo,Uruguay,América do Sul,1,3,82,63,11,76.8
Federico Chiesa,Italy,Europa,0,8,106,69,3,65.1
Federico Dimarco,Italy,Europa,0,2,123,100,0,81.3
Federico Santiago Valverde Dipetta,Uruguay,América do Sul,3,17,313,269,4,85.9
Fehmi Mert Günok,Turkey,Europa,0,0,128,83,0,64.8
Felix Eduardo Torres Caicedo,Ecuador,América do Sul,0,5,140,113,1,80.7
Ferdi Erenay Kadıoğlu,Turkey,Europa,0,2,283,240,1,84.8
Fermin Lopez Marin,Spain,Europa,0,2,10,9,2,90.0
Fernando Javier Saucedo Pereyra,Bolivia,América do Sul,0,1,44,34,5,77.3
Ferrán Torres García,Spain,Europa,1,5,45,34,4,75.6
Filip Kostić,Serbia,Europa,0,0,15,8,1,53.3
Filip Mladenović,Serbia,Europa,0,0,65,46,1,70.8
Florian Grillitsch,Austria,Europa,0,5,163,140,2,85.9
Florian Wirtz,Germany,Europa,2,8,189,169,6,89.4
Florin Constantin Niţă,Romania,Europa,0,0,149,84,0,56.4
Florinel Teodor Coman,Romania,Europa,0,2,31,23,0,74.2
Folarin Balogun,United States,América do Sul,2,5,27,19,2,70.4
Francisco Evanilson de Lima Barbosa,Brazil,América do Sul,0,0,0,0,0,
Francisco Fernandes Conceição,Portugal,Europa,1,5,126,102,2,81.0
Francisco Javier Calvo Quesada,Costa Rica,América do Sul,1,1,113,80,1,70.8
Franco Zanelatto Téllez,Peru,América do Sul,0,1,7,6,2,85.7
Freddy Elías Góndola Smith,Panama,América do Sul,0,0,20,17,2,85.0
Gabriel Alejandro Villamíl Cortéz,Bolivia,América do Sul,0,3,122,104,11,85.2
Gabriel Alonso Suazo Urbina,Chile,América do Sul,0,0,142,116,6,81.7
Gabriel Arias Arroyo,Chile,América do Sul,0,0,44,30,0,68.2
Gabriel Teodoro Martinelli Silva,Brazil,América do Sul,1,1,15,12,0,80.0
Gabriel dos Santos Magalhães,Brazil,América do Sul,0,0,5,4,0,80.0
George Alexandru Puşcaş,Romania,Europa,0,0,13,4,4,30.8
Georges Mikautadze,Georgia,Europa,3,6,72,55,1,76.4
Georginio Wijnaldum,Netherlands,Europa,0,0,15,10,0,66.7
Georgiy Sudakov,Ukraine,Europa,0,9,118,101,3,85.6
Gerald Taylor,Costa Rica,América do Sul,0,0,12,8,2,66.7
Gerardo Daniel Arteaga Zamora,Mexico,América do Sul,1,3,134,118,4,88.1
Germán Alejandro Pezzella,Argentina,América do Sul,0,1,64,59,0,92.2
Gernot Trauner,Austria,Europa,1,1,77,75,2,97.4
Giacomo Raspadori,Italy,Europa,0,1,47,38,0,80.9
Gianluca Lapadula Vargas,Peru,América do Sul,0,8,26,16,6,61.5
Gianluca Mancini,Italy,Europa,0,0,67,60,4,89.6
Gianluca Scamacca,Italy,Europa,0,6,52,35,2,67.3
Gianluigi Donnarumma,Italy,Europa,0,0,101,85,0,84.2
Giorgi Chakvetadze,Georgia,Europa,0,2,94,77,4,81.9
Giorgi Gvelesiani,Georgia,Europa,0,0,40,26,1,65.0
Giorgi Kochorashvili,Georgia,Europa,0,5,176,160,10,90.9
Giorgi Kvilitaia,Georgia,Europa,0,0,3,2,1,66.7
Giorgi Mamardashvili,Georgia,Europa,0,0,123,67,0,54.5
Giorgian Daniel De Arrascaeta Benedetti,Uruguay,América do Sul,2,4,86,60,3,69.8
Giovani Lo Celso,Argentina,América do Sul,0,3,91,76,4,83.5
Giovanni Di Lorenzo,Italy,Europa,0,2,321,283,4,88.2
Giovanni Reyna,United States,América do Sul,0,1,80,65,1,81.2
Gonzalo Ariel Montiel,Argentina,América do Sul,1,1,154,130,1,84.4
Gonçalo Bernardo Inácio,Portugal,Europa,0,1,149,133,0,89.3
Gonçalo Matias Ramos,Portugal,Europa,0,1,1,1,0,100.0
Granit Xhaka,Switzerland,Europa,0,4,406,371,9,91.4
Grant Campbell Hanley,Scotland,Europa,0,1,137,114,4,83.2
Gregory Leigh,Jamaica,América do Sul,0,0,67,46,2,68.7
Guido Rodríguez,Argentina,América do Sul,0,0,17,16,1,94.1
Guilherme Antonio Arana Lopes,Brazil,América do Sul,0,1,143,120,1,83.9
Guillermo Alfonso Maripán Loaysa,Chile,América do Sul,0,0,45,38,0,84.4
Guillermo Martínez Ayala,Mexico,América do Sul,0,3,15,11,1,73.3
Guillermo Varela Olivera,Uruguay,América do Sul,0,0,18,16,1,88.9
Guillermo Viscarra Bruckner,Bolivia,América do Sul,0,0,76,43,0,56.6
Guram Kashia,Georgia,Europa,0,0,118,101,2,85.6
Haji Wright,United States,América do Sul,0,1,1,0,0,0.0
Hakan Çalhanoğlu,Turkey,Europa,1,10,258,229,7,88.8
Harry Kane,England,Europa,3,18,104,67,7,64.4
Haxzel Quirós Cruz,Costa Rica,América do Sul,0,0,44,38,1,86.4
Heorhii Tsitaishvili,Georgia,Europa,0,3,67,49,1,73.1
Hernesto Ezequiel Caballero Benítez,Paraguay,América do Sul,0,0,72,56,4,77.8
Héctor Manuel Cuellar Rosales,Bolivia,América do Sul,0,0,137,106,4,77.4
Ianis Hagi,Romania,Europa,0,2,63,41,5,65.1
Igor Lichnovsky Osorio,Chile,América do Sul,0,2,161,144,3,89.4
Ikoma Loïs Openda,Belgium,Europa,0,0,7,3,4,42.9
Illia Zabarnyi,Ukraine,Europa,0,0,200,173,2,86.5
Ismael Díaz De León,Panama,América do Sul,0,0,1,1,0,100.0
Ismael Koné,Canada,América do Sul,2,7,190,156,5,82.1
Israel Reyes Romero,Mexico,América do Sul,0,0,34,34,0,100.0
Ivan Ilić,Serbia,Europa,0,2,152,141,3,92.8
Ivan Perišić,Croatia,Europa,0,4,63,43,3,68.3
Ivan Schranz,Slovakia,Europa,3,5,90,69,7,76.7
Ivan Toney,England,Europa,1,2,15,9,2,60.0
Ivica Ivušić,Croatia,Europa,0,0,0,0,0,
Iván Balliu Campeny,Albania,Europa,0,0,42,33,0,78.6
Iván Rodrigo Ramírez Segovia,Paraguay,América do Sul,0,0,13,11,0,84.6
Jacen Russell-Rowe,Canada,América do Sul,0,0,2,1,0,50.0
Jack Hendry,Scotland,Europa,0,1,129,105,4,81.4
Jacob Bruun Larsen,Denmark,Europa,0,0,6,3,0,50.0
Jacob Shaffelburg,Canada,América do Sul,1,5,95,43,3,45.3
Jahmali Waite,Jamaica,América do Sul,0,0,111,80,0,72.1
Jaka Bijol,Slovenia,Europa,0,1,137,110,7,80.3
Jakub Moder,Poland,Europa,0,4,117,94,1,80.3
Jakub Piotr Kiwior,Poland,Europa,0,2,150,128,1,85.3
Jakub Piotrowski,Poland,Europa,0,2,24,17,1,70.8
Jamal Musiala,Germany,Europa,3,10,172,150,4,87.2
James David Rodríguez Rubio,Colombia,América do Sul,1,8,307,238,6,77.5
Jan Bednarek,Poland,Europa,0,1,103,90,2,87.4
Jan Kuchta,Czech Republic,Europa,0,0,13,9,1,69.2
Jan Mlakar,Slovenia,Europa,0,2,65,38,3,58.5
Jan Oblak,Slovenia,Europa,0,0,129,79,0,61.2
Jan Vertonghen,Belgium,Europa,0,1,208,194,1,93.3
Janner Hitcler Corozo Alman,Ecuador,América do Sul,0,0,1,0,0,0.0
Jannik Vestergaard,Denmark,Europa,0,4,266,246,4,92.5
Jarrod Bowen,England,Europa,0,0,16,10,1,62.5
Jasir Asani,Albania,Europa,0,4,39,29,2,74.4
Jaume Cuéllar Mendoza,Bolivia,América do Sul,0,0,5,3,1,60.0
Jefferson Andrés Lerma Solís,Colombia,América do Sul,2,8,228,187,6,82.0
Jefferson Brenes Rojas,Costa Rica,América do Sul,0,1,73,57,5,78.1
Jefferson David Savarino Quintero,Venezuela,América do Sul,0,1,18,15,1,83.3
Jerdy Schouten,Netherlands,Europa,0,1,328,304,6,92.7
Jeremie Frimpong,Netherlands,Europa,0,2,26,22,1,84.6
Jeremy Doku,Belgium,Europa,0,5,117,94,5,80.3
Jeremy Leonel Sarmiento Morante,Ecuador,América do Sul,1,6,52,40,3,76.9
Jesús Abdallah Castillo Molina,Peru,América do Sul,0,1,18,14,2,77.8
Jesús Manuel Sagredo Chávez,Bolivia,América do Sul,0,0,25,18,3,72.0
Jesús Navas González,Spain,Europa,0,0,74,59,2,79.7
Jeyland Yahir Mitchell Baltodano,Costa Rica,América do Sul,0,0,94,66,4,70.2
Jhon Adolfo Arias Andrade,Colombia,América do Sul,0,7,228,210,16,92.1
Jhon Andrés Córdoba Copete,Colombia,América do Sul,2,11,63,48,12,76.2
Jhon Janer Lucumí Bonilla,Colombia,América do Sul,0,0,19,19,0,100.0
Jhon Jáder Durán Palacio,Colombia,América do Sul,0,0,7,4,1,57.1
Jhonder Leonel Cádiz Fernández,Venezuela,América do Sul,2,4,26,9,2,34.6
Jindřich Staněk,Czech Republic,Europa,0,0,74,47,0,63.5
Joachim Andersen,Denmark,Europa,0,3,294,252,9,85.7
Joakim Mæhle,Denmark,Europa,0,1,161,131,4,81.4
Joao Alberto Grimaldo Ubidia,Peru,América do Sul,0,0,6,4,0,66.7
Joel Nathaniel Campbell Samuels,Costa Rica,América do Sul,0,0,65,49,4,75.4
Joey Veerman,Netherlands,Europa,0,2,169,134,2,79.3
Johan Andrés Mojica Palacio,Colombia,América do Sul,0,1,326,264,3,81.0
Johan Bakayoko,Belgium,Europa,0,3,21,18,0,85.7
Johan Felipe Vásquez Ibarra,Mexico,América do Sul,0,5,198,177,6,89.4
John McGinn,Scotland,Europa,0,0,44,28,3,63.6
John Stones,England,Europa,0,1,558,524,5,93.9
John Yeboah Zamora,Ecuador,América do Sul,1,4,20,15,3,75.0
Jon Gorenc Stankovič,Slovenia,Europa,0,1,22,16,1,72.7
Jon Mikel Aramburu Mejías,Venezuela,América do Sul,0,1,119,94,6,79.0
Jonas Older Wind,Denmark,Europa,0,5,77,64,3,83.1
Jonathan Bell,Jamaica,América do Sul,0,0,28,20,0,71.4
Jonathan David,Canada,América do Sul,4,10,135,113,5,83.7
Jonathan Osorio,Canada,América do Sul,0,2,155,129,4,83.2
Jonathan Tah,Germany,Europa,0,1,277,263,8,94.9
Jordan Pickford,England,Europa,0,0,306,225,0,73.5
Jordi Cortizo de la Piedra,Mexico,América do Sul,0,0,5,3,0,60.0
Jordy Josué Caicedo Medina,Ecuador,América do Sul,1,3,7,3,0,42.9
Jorge Andrés Carrascal Guardo,Colombia,América do Sul,0,1,33,28,1,84.8
Jorge Eduardo Sánchez Ramos,Mexico,América do Sul,0,3,164,125,5,76.2
Jorge Luiz Frello Filho,Italy,Europa,0,0,240,221,0,92.1
Joseph Martín Mora Cortéz,Costa Rica,América do Sul,0,0,39,33,0,84.6
Joseph Scally,United States,América do Sul,0,1,110,80,1,72.7
Joshua Kimmich,Germany,Europa,0,7,411,367,3,89.3
Joshua Sargent,United States,América do Sul,0,1,4,3,1,75.0
Joshua Zirkzee,Netherlands,Europa,0,0,3,2,0,66.7
Josimar Alcócer,Costa Rica,América do Sul,1,1,11,8,4,72.7
Josip Iličić,Slovenia,Europa,0,2,9,6,2,66.7
Josip Juranović,Croatia,Europa,0,0,63,52,0,82.5
Josip Stanišić,Croatia,Europa,0,1,134,110,2,82.1
Josip Šutalo,Croatia,Europa,0,1,199,189,8,95.0
José Andrés Hurtado Cheme,Ecuador,América do Sul,0,0,2,2,0,100.0
José Andrés Martínez Torres,Venezuela,América do Sul,0,4,179,148,7,82.7
José Daniel Rivera Martínez,Peru,América do Sul,0,0,8,8,1,100.0
José Diogo Dalot Teixeira,Portugal,Europa,0,3,99,92,2,92.9
José Fajardo Nelson,Panama,América do Sul,2,8,64,48,5,75.0
José Ignacio Fernández Iglesias,Spain,Europa,0,0,137,127,1,92.7
José Luis Rodríguez Francis,Panama,América do Sul,0,2,24,18,0,75.0
José Luis Sanmartín Mato,Spain,Europa,0,3,14,11,1,78.6
José Manuel Sagredo Chávez,Bolivia,América do Sul,0,0,123,106,0,86.2
José María Giménez de Vargas,Uruguay,América do Sul,0,5,147,122,7,83.0
José Paolo Guerrero Gonzáles,Peru,América do Sul,0,2,29,15,4,51.7
José Salomón Rondón Giménez,Venezuela,América do Sul,4,19,80,51,2,63.8
José Ángel Córdoba Chambers,Panama,América do Sul,0,1,210,184,2,87.6
Jovani Francisco Welch Lopez,Panama,América do Sul,0,3,83,77,6,92.8
João Félix Sequeira,Portugal,Europa,0,5,76,66,0,86.8
João Lucas de Souza Cardoso,United States,América do Sul,0,0,28,23,0,82.1
João Maria Lobo Alves Palhinha Gonçalves,Portugal,Europa,0,5,185,166,6,89.7
João Neves,Portugal,Europa,0,1,74,70,1,94.6
João Pedro Cavaco Cancelo,Portugal,Europa,0,2,256,222,1,86.7
João Victor Gomes da Silva,Brazil,América do Sul,0,1,185,165,10,89.2
Joël Latibeaudiere,Jamaica,América do Sul,0,0,117,103,3,88.0
Joško Gvardiol,Croatia,Europa,0,2,160,149,7,93.1
Juan Fernando Quintero Paniagua,Colombia,América do Sul,0,1,47,41,0,87.2
Juan Pablo Vargas Campos,Costa Rica,América do Sul,0,0,98,77,2,78.6
Jude Bellingham,England,Europa,3,7,373,316,9,84.7
Jules Koundé,France,Europa,1,2,400,335,5,83.8
Julio César Cascante Solórzano,Costa Rica,América do Sul,0,0,3,3,0,100.0
Julio César Enciso Espínola,Paraguay,América do Sul,1,14,111,80,4,72.1
Julio José González Vela-Alvizu,Mexico,América do Sul,0,0,105,92,0,87.6
Julián Andrés Quiñones Quiñones,Mexico,América do Sul,0,8,100,74,4,74.0
Julián Álvarez,Argentina,América do Sul,3,10,63,54,6,85.7
Juraj Kucka,Slovakia,Europa,0,8,125,95,7,76.0
Jure Balkovec,Slovenia,Europa,0,1,37,24,1,64.9
Kaan Ayhan,Turkey,Europa,0,3,187,163,3,87.2
Kacper Urbanski,Poland,Europa,0,2,50,44,5,88.0
Kaheim Dixon,Jamaica,América do Sul,0,2,18,14,0,77.8
Kahiser Lenis Navarro,Panama,América do Sul,0,3,8,7,1,87.5
Kai Havertz,Germany,Europa,2,19,113,95,6,84.1
Kamal Miller,Canada,América do Sul,0,0,31,23,0,74.2
Kamil Grosicki,Poland,Europa,0,1,5,1,0,20.0
Karol Świderski,Poland,Europa,0,2,16,11,2,68.8
Karoy Anderson,Jamaica,América do Sul,0,0,21,18,1,85.7
Kasey Palmer,Jamaica,América do Sul,0,2,106,74,3,69.8
Kasper Dolberg,Denmark,Europa,0,0,10,7,0,70.0
Kasper Schmeichel,Denmark,Europa,0,0,113,91,0,80.5
Kenan Yildiz,Turkey,Europa,0,11,110,93,2,84.5
Kenneth McLean,Scotland,Europa,0,1,26,19,0,73.1
Kervin Mario Andrade Navarro,Venezuela,América do Sul,0,0,11,8,0,72.7
Kevin Csoboth,Hungary,Europa,1,2,9,7,2,77.8
Kevin Danso,Austria,Europa,0,1,169,149,4,88.2
Kevin De Bruyne,Belgium,Europa,1,11,228,171,7,75.0
Kevin Duvan Castaño Gil,Colombia,América do Sul,0,2,54,45,0,83.3
Kevin José Rodríguez Cortez,Ecuador,América do Sul,1,5,35,23,5,65.7
Khvicha Kvaratskhelia,Georgia,Europa,1,6,89,71,3,79.8
Kieran Tierney,Scotland,Europa,0,0,92,70,0,76.1
Kieran Trippier,England,Europa,0,1,353,313,1,88.7
Kingsley Coman,France,Europa,0,0,10,9,0,90.0
Klaus Gjasula,Albania,Europa,1,2,10,7,2,70.0
Kléper Laveran Lima Ferreira,Portugal,Europa,0,1,403,377,3,93.5
Kobbie Mainoo,England,Europa,0,5,203,184,3,90.6
Koen Casteels,Belgium,Europa,0,0,144,118,0,81.9
Konrad Laimer,Austria,Europa,0,2,128,111,5,86.7
Kristjan Asllani,Albania,Europa,0,8,193,160,2,82.9
Krzysztof Piątek,Poland,Europa,1,2,11,7,1,63.6
Kwadwo Duah,Switzerland,Europa,1,4,24,13,1,54.2
Kyle Walker,England,Europa,0,0,562,497,5,88.4
Kylian Mbappé Lottin,France,Europa,1,24,184,160,1,87.0
Ladislav Krejčí,Czech Republic,Europa,0,5,139,116,6,83.5
Lamine Yamal Nasraoui Ebana,Spain,Europa,1,18,204,161,7,78.9
Lasha Dvali,Georgia,Europa,0,0,143,122,3,85.3
Lautaro Javier Martínez,Argentina,América do Sul,5,11,39,31,8,79.5
Lawrence Shankland,Scotland,Europa,0,0,10,6,1,60.0
Lazar Samardžić,Serbia,Europa,0,1,20,15,0,75.0
Leandro Daniel Paredes,Argentina,América do Sul,0,4,139,127,5,91.4
Leandro Trossard,Belgium,Europa,0,4,73,59,1,80.8
Leo Sauer,Slovakia,Europa,0,0,2,1,0,50.0
Leonel Justiniano Arauz,Bolivia,América do Sul,0,0,46,37,2,80.4
Leonidas Stergiou,Switzerland,Europa,0,0,11,6,2,54.5
Leopold Querfeld,Austria,Europa,0,0,10,8,1,80.0
Leroy Sané,Germany,Europa,0,7,68,58,2,85.3
Lewis Morgan,Scotland,Europa,0,1,2,1,0,50.0
Liam Millar,Canada,América do Sul,0,6,82,63,4,76.8
Lionel Andrés Messi Cuccittini,Argentina,América do Sul,1,14,182,149,1,81.9
Lisandro Martínez,Argentina,América do Sul,1,5,328,302,4,92.1
Lorenzo Pellegrini,Italy,Europa,0,7,106,92,5,86.8
Lovro Majer,Croatia,Europa,0,2,101,92,2,91.1
Luc Rollet De Fougerolles,Canada,América do Sul,0,1,16,14,1,87.5
Luca de la Torre,United States,América do Sul,0,0,8,7,0,87.5
Lucas Leónidas Chávez Cruz,Bolivia,América do Sul,0,0,8,7,2,87.5
Lucas Martínez Quarta,Argentina,América do Sul,0,0,6,5,0,83.3
Lucas René Olaza Catrofe,Uruguay,América do Sul,0,0,21,17,1,81.0
Lucas Tolentino Coelho de Lima,Brazil,América do Sul,1,11,145,112,4,77.2
Luis Alberto Suárez Díaz,Uruguay,América do Sul,2,6,29,19,2,65.5
Luis Alfonso Abram Ugarelli,Peru,América do Sul,0,0,3,2,0,66.7
Luis Fernando Díaz Marulanda,Colombia,América do Sul,2,9,132,110,14,83.3
Luis Fernando Haquín Lopez,Bolivia,América do Sul,0,1,137,118,3,86.1
Luis Fernando Sinisterra Lucumí,Colombia,América do Sul,0,0,23,19,0,82.6
Luis Francisco Romo Barrón,Mexico,América do Sul,0,6,193,153,0,79.3
Luis Gerardo Chávez Magallón,Mexico,América do Sul,0,7,135,101,2,74.8
Luis Jan Piers Advíncula Castrillón,Peru,América do Sul,0,0,14,8,0,57.1
Luka Ivanušec,Croatia,Europa,0,0,11,8,1,72.7
Luka Jović,Serbia,Europa,1,1,20,15,4,75.0
Luka Lochoshvili,Georgia,Europa,0,1,53,36,1,67.9
Luka Modrić,Croatia,Europa,1,5,225,192,3,85.3
Luka Sučić,Croatia,Europa,0,3,84,78,1,92.9
Luke Shaw,England,Europa,0,0,88,78,2,88.6
Lukáš Haraslín,Slovakia,Europa,0,8,68,48,2,70.6
Lukáš Provod,Czech Republic,Europa,1,3,88,72,5,81.8
Lukáš Červ,Czech Republic,Europa,0,0,0,0,0,
Lutsharel Geertruida,Netherlands,Europa,0,0,84,77,2,91.7
László Bénes,Slovakia,Europa,0,1,51,40,0,78.4
László Kleinheisler,Hungary,Europa,0,0,17,16,1,94.1
Maksym Talovierov,Ukraine,Europa,0,0,1,1,0,100.0
Malik Tillman,United States,América do Sul,0,1,3,3,1,100.0
Manfred Ugalde,Costa Rica,América do Sul,0,0,5,3,8,60.0
Manuel Neuer,Germany,Europa,0,0,143,123,0,86.0
Manuel Obafemi Akanji,Switzerland,Europa,0,1,333,307,2,92.2
Manuel Ugarte Ribeiro,Uruguay,América do Sul,1,5,237,209,12,88.2
Marc Cucurella Saseta,Spain,Europa,0,1,368,336,11,91.3
Marc Guehi,England,Europa,0,2,452,422,6,93.4
Marcel Sabitzer,Austria,Europa,1,11,172,112,1,65.1
Marcelino Ignacio Nuñez Espinoza,Chile,América do Sul,0,3,62,42,3,67.7
Marcelo Brozović,Croatia,Europa,0,3,188,171,3,91.0
Marcelo Sebastián Suárez Justiniano,Bolivia,América do Sul,0,0,65,50,3,76.9
Marcos Aoás Corrêa,Brazil,América do Sul,0,1,290,260,1,89.7
Marcos Javier Acuña,Argentina,América do Sul,0,1,63,50,2,79.4
Marcos Johan López Lanfranco,Peru,América do Sul,0,1,90,52,5,57.8
Marcos Nikolas Bolados Hidalgo,Chile,América do Sul,0,0,23,10,5,43.5
Marcus Thuram,France,Europa,0,12,56,46,3,82.1
Marin Pongracic,Croatia,Europa,0,0,125,113,7,90.4
Mario Mitaj,Albania,Europa,0,1,148,131,3,88.5
Mario Pašalić,Croatia,Europa,0,3,42,36,1,85.7
Marius Mihai Marin,Romania,Europa,0,0,102,83,9,81.4
Marko Arnautović,Austria,Europa,1,4,56,39,6,69.6
Martin Baturina,Croatia,Europa,0,1,3,2,0,66.7
Martin Dúbravka,Slovakia,Europa,0,0,164,108,0,65.9
Martin Ádám,Hungary,Europa,0,0,18,11,1,61.1
Martín Zubimendi Ibáñez,Spain,Europa,0,0,117,105,4,89.7
Mateo Kovačić,Croatia,Europa,0,6,168,157,3,93.5
Mateo Retegui,Italy,Europa,0,4,17,9,1,52.9
Matheus Luiz Nunes,Portugal,Europa,0,1,17,15,0,88.2
Mathieu Choiniere,Canada,América do Sul,1,1,73,63,3,86.3
Mathías Adalberto Villasanti Rolón,Paraguay,América do Sul,0,3,102,91,7,89.2
Mathías Olivera Miramontes,Uruguay,América do Sul,1,4,229,203,2,88.6
Matteo Darmian,Italy,Europa,0,1,105,97,4,92.4
Matthew Charles Turner,United States,América do Sul,0,0,88,51,0,58.0
Mattia Zaccagni,Italy,Europa,1,2,37,29,0,78.4
Matías David Espinoza Acosta,Paraguay,América do Sul,0,1,75,50,5,66.7
Matías Nicolás Rojas Romero,Paraguay,América do Sul,0,1,1,0,0,0.0
Matías Nicolás Viña Susperreguy,Uruguay,América do Sul,1,2,198,142,2,71.7
Matías Rafael Lacava González,Venezuela,América do Sul,0,0,1,0,1,0.0
Matúš Bero,Slovakia,Europa,0,1,25,19,0,76.0
Matěj Jurásek,Czech Republic,Europa,0,4,27,14,0,51.9
Matěj Kovář,Czech Republic,Europa,0,0,18,8,0,44.4
Mauricio Aníbal Isla Isla,Chile,América do Sul,0,0,163,130,2,79.8
Maxime Crépeau,Canada,América do Sul,0,0,147,104,0,70.7
Maximilian Beier,Germany,Europa,0,0,7,4,0,57.1
Maximilian Mittelstädt,Germany,Europa,0,5,221,186,4,84.2
Maximilian Wöber,Austria,Europa,0,0,120,101,2,84.2
Maximiliano Javier Araújo Vilches,Uruguay,América do Sul,2,11,102,71,11,69.6
Medon Berisha,Albania,Europa,0,1,9,6,1,66.7
Mehmet Zeki Çelik,Turkey,Europa,0,1,54,43,3,79.6
Memphis Depay,Netherlands,Europa,1,18,166,112,8,67.5
Merih Demiral,Turkey,Europa,2,3,97,84,2,86.6
Mert Müldür,Turkey,Europa,1,3,171,137,2,80.1
Michael Amir Murillo Bermudez,Panama,América do Sul,1,4,164,126,4,76.8
Michael Gregoritsch,Austria,Europa,1,4,32,22,4,68.8
Michael Hector,Jamaica,América do Sul,0,1,87,77,3,88.5
Michael Ijemuan Folorunsho,Italy,Europa,0,0,2,1,0,50.0
Michail Antonio,Jamaica,América do Sul,1,3,57,36,4,63.2
Michał Skóraś,Poland,Europa,0,0,9,6,1,66.7
Michel Aebischer,Switzerland,Europa,1,2,248,222,3,89.5
Micky van de Ven,Netherlands,Europa,0,0,42,31,1,73.8
Miguel Gianpierre Araujo Blanco,Peru,América do Sul,0,1,61,39,2,63.9
Miguel Ángel Almirón Rejala,Paraguay,América do Sul,0,1,45,37,4,82.2
Miguel Ángel Borja Hernández,Colombia,América do Sul,1,2,5,3,1,60.0
Miguel Ángel Navarro Zárate,Venezuela,América do Sul,0,1,153,116,4,75.8
Miguel Ángel Terceros,Bolivia,América do Sul,0,7,60,54,7,90.0
Mijat Gaćinović,Serbia,Europa,0,1,24,17,1,70.8
Mike Maignan,France,Europa,0,0,165,134,0,81.2
Mikel Merino Zazón,Spain,Europa,1,3,136,115,10,84.6
Mikel Oyarzabal Ugarte,Spain,Europa,1,6,67,60,3,89.6
Mikkel Damsgaard,Denmark,Europa,0,1,16,11,0,68.8
Milan Škriniar,Slovakia,Europa,0,3,284,258,3,90.8
Milos Kerkez,Hungary,Europa,0,0,79,48,3,60.8
Milos Veljkovic,Serbia,Europa,0,0,226,208,2,92.0
Mirlind Daku,Albania,Europa,0,1,5,4,1,80.0
Mohamed Zeki Amdouni,Switzerland,Europa,1,3,15,9,1,60.0
Moise Bombito,Canada,América do Sul,2,5,278,244,4,87.8
Moisés Isaac Caicedo Corozo,Ecuador,América do Sul,0,3,180,143,12,79.4
Mojmír Chytil,Czech Republic,Europa,0,2,14,6,3,42.9
Morten Hjulmand,Denmark,Europa,1,5,215,192,4,89.3
Muhammed Kerem Aktürkoğlu,Turkey,Europa,1,6,38,22,2,57.9
Mykhailo Mudryk,Ukraine,Europa,0,6,52,35,0,67.3
Mykola Matvienko,Ukraine,Europa,0,0,227,212,1,93.4
Mykola Shaparenko,Ukraine,Europa,1,1,130,115,5,88.5
Márton Dárdai,Hungary,Europa,0,1,92,68,4,73.9
N'Golo Kanté,France,Europa,0,5,324,291,8,89.8
Nahitan Michel Nández Acosta,Uruguay,América do Sul,0,1,210,145,15,69.0
Nahuel Adolfo Ferraresi Hernández,Venezuela,América do Sul,0,0,169,147,1,87.0
Nahuel Molina Lucero,Argentina,América do Sul,0,1,192,151,3,78.6
Nathan Aké,Netherlands,Europa,0,2,271,246,3,90.8
Nedim Bajrami,Albania,Europa,1,3,79,61,2,77.2
Nemanja Gudelj,Serbia,Europa,0,0,62,59,4,95.2
Nicholas Williams Arthuer,Spain,Europa,2,12,219,178,9,81.3
Niclas Füllkrug,Germany,Europa,2,9,41,30,2,73.2
Nico Schlotterbeck,Germany,Europa,0,2,88,81,2,92.0
Nicola Zalewski,Poland,Europa,0,2,103,73,3,70.9
Nicolae Claudiu Stanciu,Romania,Europa,1,5,115,85,3,73.9
Nicolas Seiwald,Austria,Europa,0,1,233,204,0,87.6
Nicolás Alejandro Tagliafico,Argentina,América do Sul,0,3,265,231,4,87.2
Nicolás Esteban Fernández Muñoz,Chile,América do Sul,0,0,6,5,0,83.3
Nicolás Hernán Otamendi,Argentina,América do Sul,1,3,100,94,0,94.0
Nicolás Iván González,Argentina,América do Sul,0,5,88,65,7,73.9
Nicolò Barella,Italy,Europa,1,1,267,243,5,91.0
Nicolò Fagioli,Italy,Europa,0,1,104,88,2,84.6
Nicușor Silviu Bancu,Romania,Europa,0,0,139,104,5,74.8
Nika Kvekveskiri,Georgia,Europa,0,0,16,14,1,87.5
Nikola Milenković,Serbia,Europa,0,0,229,213,5,93.0
Norbert Gyömbér,Slovakia,Europa,0,0,37,35,3,94.6
Nuno Mendes,Portugal,Europa,1,4,365,324,3,88.8
Nélson Cabral Semedo,Portugal,Europa,0,2,56,48,3,85.7
Néstor Rafael Giménez Florentín,Paraguay,América do Sul,0,0,89,78,3,87.6
Okay Yokuşlu,Turkey,Europa,0,1,27,26,0,96.3
Oleksandr Svatok,Ukraine,Europa,0,0,24,23,2,95.8
Oleksandr Tymchyk,Ukraine,Europa,0,0,81,66,2,81.5
Oleksandr Zinchenko,Ukraine,Europa,0,1,158,136,1,86.1
Oleksandr Zubkov,Ukraine,Europa,0,0,9,6,3,66.7
Oliver Sonne,Peru,América do Sul,0,0,31,22,0,71.0
Olivier Giroud,France,Europa,0,2,13,9,1,69.2
Ollie Watkins,England,Europa,1,3,5,3,1,60.0
Omar Federico Alderete Fernández,Paraguay,América do Sul,1,3,128,110,7,85.9
Omar Javier Valencia Arauz,Panama,América do Sul,0,0,7,6,0,85.7
Ondrej Duda,Slovakia,Europa,1,2,175,137,9,78.3
Ondřej Lingr,Czech Republic,Europa,0,5,27,21,0,77.8
Orbelín Pineda Alvarado,Mexico,América do Sul,0,3,71,57,3,80.3
Orel Mangala,Belgium,Europa,0,0,68,65,4,95.6
Orkun Kökçü,Turkey,Europa,0,6,124,94,4,75.8
Orlando Moisés Galo Calderón,Costa Rica,América do Sul,0,2,70,52,6,74.3
Orlando Mosquera,Panama,América do Sul,0,0,118,81,1,68.6
Otar Kakabadze,Georgia,Europa,0,1,172,125,4,72.7
Otar Kiteishvili,Georgia,Europa,0,0,51,44,2,86.3
Ousmane Dembélé,France,Europa,1,9,179,123,7,68.7
Pascal Groß,Germany,Europa,0,1,70,66,1,94.3
Patrick Gilmar Sequeira Mejías,Costa Rica,América do Sul,0,0,75,34,1,45.3
Patrick Pentz,Austria,Europa,0,0,145,119,0,82.1
Patrick Wimmer,Austria,Europa,0,3,48,34,4,70.8
Patrik Schick,Czech Republic,Europa,1,7,36,26,1,72.2
Paul Brian Rodríguez Bravo,Uruguay,América do Sul,0,1,13,9,0,69.2
Paulo César Díaz Huincales,Chile,América do Sul,0,0,131,114,4,87.0
Pavel Šulc,Czech Republic,Europa,0,1,15,12,3,80.0
Paweł Dawidowicz,Poland,Europa,0,1,75,73,5,97.3
Pedro David Gallese Quiróz,Peru,América do Sul,0,0,79,44,0,55.7
Pedro González López,Spain,Europa,0,6,92,83,2,90.2
Pedro Lomba Neto,Portugal,Europa,0,0,89,73,1,82.0
Petar Stojanović,Slovenia,Europa,0,1,110,79,3,71.8
Peter Pekarík,Slovakia,Europa,0,3,128,111,4,86.7
Petr Ševčík,Czech Republic,Europa,0,1,26,20,0,76.9
Phil Foden,England,Europa,0,13,373,310,1,83.1
Philipp Lienhart,Austria,Europa,0,2,129,117,4,90.7
Philipp Mwene,Austria,Europa,0,0,109,92,4,84.4
Piero Aldair Quispe Córdova,Peru,América do Sul,0,1,47,36,0,76.6
Piero Martín Hincapié Reyna,Ecuador,América do Sul,0,1,169,124,8,73.4
Pierre-Emile Højbjerg,Denmark,Europa,0,7,298,265,5,88.9
Piotr Zieliński,Poland,Europa,0,8,149,124,2,83.2
Predrag Rajković,Serbia,Europa,0,0,104,72,0,69.2
Przemysław Frankowski,Poland,Europa,0,0,128,94,5,73.4
Péter Gulácsi,Hungary,Europa,0,0,95,74,0,77.9
Qazim Laçi,Albania,Europa,1,1,52,36,3,69.2
Radu Drăgușin,Romania,Europa,0,3,111,92,1,82.9
Rafael Alexandre Conceição Leão,Portugal,Europa,0,3,113,87,3,77.0
Rafael Enrique Romo Pérez,Venezuela,América do Sul,0,0,127,95,0,74.8
Rafael Santos Borré Amaury,Colombia,América do Sul,0,1,24,15,4,62.5
Ramiro Vaca Ponce,Bolivia,América do Sul,0,1,73,54,4,74.0
Ramón Sosa Acosta,Paraguay,América do Sul,1,3,57,46,4,80.7
Randal Kolo Muani,France,Europa,1,3,41,30,6,73.2
Raphael Dias Belloli,Brazil,América do Sul,1,8,108,72,4,66.7
Rasmus Winther Højlund,Denmark,Europa,0,6,54,43,8,79.6
Ray Kendry Páez Andrade,Ecuador,América do Sul,1,11,103,72,2,69.9
Remo Freuler,Switzerland,Europa,1,3,234,207,11,88.5
Renaldo Showayne Cephas,Jamaica,América do Sul,0,3,18,11,0,61.1
Renato Steffen,Switzerland,Europa,0,0,2,2,0,100.0
Rey Manaj,Albania,Europa,0,2,26,16,7,61.5
Ricardo Daniel Pepi,United States,América do Sul,0,7,29,26,0,89.7
Ricardo Iván Rodríguez Araya,Switzerland,Europa,0,3,256,216,4,84.4
Riccardo Calafiori,Italy,Europa,0,3,238,220,6,92.4
Richard Larkland King,Jamaica,América do Sul,0,0,7,5,0,71.4
Richard Rios Montoya,Colombia,América do Sul,1,8,185,149,6,80.5
Richie Laryea,Canada,América do Sul,0,4,95,72,5,75.8
Robert Andrich,Germany,Europa,0,7,234,209,12,89.3
Robert Lewandowski,Poland,Europa,1,5,26,22,6,84.6
Roberto Carlos Alvarado Hernández,Mexico,América do Sul,0,0,5,1,0,20.0
Roberto Carlos Fernández Toro,Bolivia,América do Sul,0,1,62,38,1,61.3
Robin Aime Robert Le Normand,Spain,Europa,0,3,351,325,8,92.6
Robin Hranáč,Czech Republic,Europa,0,2,92,80,6,87.0
Roderick Alonso Miller Molina,Panama,América do Sul,0,3,113,99,4,87.6
Rodrigo Bentancur Colmán,Uruguay,América do Sul,4,4,62,46,11,74.2
Rodrigo Eduardo Echeverría Sáez,Chile,América do Sul,0,4,66,53,1,80.3
Rodrigo Hernández Cascante,Spain,Europa,1,5,436,411,8,94.3
Rodrigo Javier De Paul,Argentina,América do Sul,0,4,288,240,7,83.3
Rodrigo Luis Ramallo Cornejo,Bolivia,América do Sul,0,0,11,9,0,81.8
Rodrigo Mario Morínigo Acosta,Paraguay,América do Sul,0,0,70,52,0,74.3
Rodrygo Silva de Goes,Brazil,América do Sul,0,10,113,87,1,77.0
Roland Sallai,Hungary,Europa,0,8,80,63,2,78.8
Roman Yaremchuk,Ukraine,Europa,1,6,28,23,5,82.1
Romano Schmid,Austria,Europa,1,1,72,55,6,76.4
Romelu Lukaku Menama,Belgium,Europa,0,11,56,37,2,66.1
Ronald Federico Araújo da Silva,Uruguay,América do Sul,0,3,164,134,2,81.7
Ruben Vargas,Switzerland,Europa,1,5,120,88,2,73.3
Ruslan Malinovskiy,Ukraine,Europa,0,2,27,24,2,88.9
Ryan Christie,Scotland,Europa,0,0,21,17,3,81.0
Ryan Porteous,Scotland,Europa,0,0,26,20,1,76.9
Róbert Boženík,Slovakia,Europa,0,3,37,26,5,70.3
Rúben Diogo Da Silva Neves,Portugal,Europa,0,2,118,99,3,83.9
Rúben Santos Gato Alves Dias,Portugal,Europa,0,2,406,379,2,93.3
Răzvan Gabriel Marin,Romania,Europa,2,6,110,89,3,80.9
Saba Lobzhanidze,Georgia,Europa,0,1,1,0,0,0.0
Salih Özcan,Turkey,Europa,0,1,72,60,6,83.3
Samet Akaydin,Turkey,Europa,1,2,207,186,3,89.9
Sandro Altunashvili,Georgia,Europa,0,0,15,13,1,86.7
Santiago Arias Naranjo,Colombia,América do Sul,0,1,66,50,3,75.8
Santiago Tomás Giménez,Mexico,América do Sul,0,8,34,22,8,64.7
Saša Lukić,Serbia,Europa,0,1,150,142,8,94.7
Scott McKenna,Scotland,Europa,0,2,91,76,3,83.5
Scott McTominay,Scotland,Europa,1,4,60,42,3,70.0
Sebastian Szymański,Poland,Europa,0,1,35,28,2,80.0
Sebastián Enzo Cáceres Ramos,Uruguay,América do Sul,0,2,114,91,2,79.8
Semih Kılıçsoy,Turkey,Europa,0,1,1,1,0,100.0
Sergej Milinković-Savić,Serbia,Europa,0,3,75,62,4,82.7
Sergio Fernando Peña Flores,Peru,América do Sul,0,1,135,99,7,73.3
Sergio Rochet Álvarez,Uruguay,América do Sul,0,0,136,95,0,69.9
Serhii Sydorchuk,Ukraine,Europa,0,0,2,1,0,50.0
Shamar Nicholson,Jamaica,América do Sul,0,6,30,22,2,73.3
Silvan Widmer,Switzerland,Europa,0,2,127,100,5,78.7
Solomon Kverkvelia,Georgia,Europa,0,0,62,54,2,87.1
Srđan Mijailović,Serbia,Europa,0,0,27,16,0,59.3
Stanislav Lobotka,Slovakia,Europa,0,1,243,230,2,94.7
Stefan Posch,Austria,Europa,0,7,210,160,15,76.2
Stefan de Vrij,Netherlands,Europa,1,4,416,384,6,92.3
Stephan El Shaarawy,Italy,Europa,0,0,11,8,2,72.7
Stephen Antunes Eustáquio,Canada,América do Sul,0,4,278,225,12,80.9
Steven Bergwijn,Netherlands,Europa,0,1,51,41,1,80.4
Steven Zuber,Switzerland,Europa,0,2,35,32,2,91.4
Strahinja Pavlović,Serbia,Europa,0,0,178,135,2,75.8
Stuart Armstrong,Scotland,Europa,0,0,10,6,1,60.0
Sávio Moreira de Oliveira,Brazil,América do Sul,1,4,50,45,1,90.0
Tajon Buchanan,Canada,América do Sul,0,2,23,16,2,69.6
Tanitoluwa Oluwaseyi,Canada,América do Sul,0,9,29,22,5,75.9
Taras Stepanenko,Ukraine,Europa,0,1,73,61,1,83.6
Taras Wiktorowicz Romanczuk,Poland,Europa,0,0,11,10,1,90.9
Taulant Sulejmanov,Albania,Europa,0,1,26,16,1,61.5
Telasco José Segovia Pérez,Venezuela,América do Sul,0,1,40,36,2,90.0
Thelonius Bair,Canada,América do Sul,0,0,3,2,0,66.7
Theo Bernard François Hernández,France,Europa,1,5,391,357,2,91.3
Thomas Delaney,Denmark,Europa,0,0,36,23,3,63.9
Thomas Ignacio Galdames Millán,Chile,América do Sul,0,0,25,12,0,48.0
Thomas Müller,Germany,Europa,0,1,28,18,1,64.3
Thomas Strakosha,Albania,Europa,0,0,89,60,0,67.4
Tijjani Reijnders,Netherlands,Europa,0,10,270,249,3,92.2
Tim Ream,United States,América do Sul,0,0,132,107,1,81.1
Timi Elšnik,Slovenia,Europa,0,3,117,88,5,75.2
Timothy Castagne,Belgium,Europa,0,0,219,183,2,83.6
Timothy Weah,United States,América do Sul,0,3,41,31,3,75.6
Tomás Eduardo Rincón Hernández,Venezuela,América do Sul,1,2,30,22,2,73.3
Tomáš Chorý,Czech Republic,Europa,0,1,9,3,2,33.3
Tomáš Holeš,Czech Republic,Europa,0,1,115,90,3,78.3
Tomáš Souček,Czech Republic,Europa,1,2,88,71,7,80.7
Tomáš Suslov,Slovakia,Europa,0,0,53,39,1,73.6
Toni Kroos,Germany,Europa,0,3,545,489,7,89.7
Trent Alexander-Arnold,England,Europa,1,5,102,87,1,85.3
Tyler Adams,United States,América do Sul,0,0,86,68,5,79.1
Unai Simón Mendibil,Spain,Europa,0,0,246,188,0,76.4
Uğurcan Çakır,Turkey,Europa,0,0,0,0,0,
Valentin Carboni,Argentina,América do Sul,0,0,5,4,3,80.0
Valentin Mihai Mihăilă,Romania,Europa,0,4,30,25,2,83.3
Vanja Drkušić,Slovenia,Europa,0,0,103,80,9,77.7
Vasile Mogoș,Romania,Europa,0,0,7,6,0,85.7
Veljko Birmančević,Serbia,Europa,0,1,17,11,0,64.7
Victor Bernth Kristansen,Denmark,Europa,0,1,93,72,0,77.4
Viktor Tsygankov,Ukraine,Europa,0,2,31,24,0,77.4
Vincent Sierro,Switzerland,Europa,0,1,24,14,1,58.3
Vinícius José Paixão de Oliveira Júnior,Brazil,América do Sul,2,4,67,49,3,73.1
Virgil van Dijk,Netherlands,Europa,0,5,385,351,13,91.2
Vitalii Mykolenko,Ukraine,Europa,0,0,18,14,1,77.8
Vitezslav Jaros,Czech Republic,Europa,0,0,0,0,0,
Vitor Machado Ferreira,Portugal,Europa,0,8,326,293,0,89.9
Vladimír Coufal,Czech Republic,Europa,0,0,150,106,2,70.7
Vladyslav Vanat,Ukraine,Europa,0,0,2,1,0,50.0
Volodymyr Brazhko,Ukraine,Europa,0,2,85,73,2,85.9
Václav Černý,Czech Republic,Europa,0,2,34,26,1,76.5
Víctor Alejandro Dávila Zavala,Chile,América do Sul,0,5,62,41,4,66.1
Víctor Gustavo Velázquez Ramos,Paraguay,América do Sul,0,1,116,75,2,64.7
Waldemar Anton,Germany,Europa,0,0,22,18,0,81.8
Warren Steven Madrigal Molina,Costa Rica,América do Sul,0,1,32,20,2,62.5
Wendell Nascimento Borges,Brazil,América do Sul,0,0,90,73,2,81.1
Wes Harding,Jamaica,América do Sul,0,0,21,17,1,81.0
Weston McKennie,United States,América do Sul,0,2,87,62,3,71.3
Wilder José Cartagena Mendoza,Peru,América do Sul,0,1,68,53,13,77.9
Wilker José Ángel Romero,Venezuela,América do Sul,0,1,40,35,1,87.5
Willi Orban,Hungary,Europa,0,3,131,112,2,85.5
William Saliba,France,Europa,0,2,365,349,9,95.6
Willian Joel Pacho Tenorio,Ecuador,América do Sul,0,0,172,132,2,76.7
Wojciech Szczęsny,Poland,Europa,0,0,65,41,1,63.1
Wout Faes,Belgium,Europa,0,0,287,252,5,87.8
Wout Weghorst,Netherlands,Europa,1,4,31,23,5,74.2
Xavi Simons,Netherlands,Europa,1,11,185,155,6,83.8
Xherdan Shaqiri,Switzerland,Europa,2,3,35,23,0,65.7
Yangel Clemente Herrera Ravelo,Venezuela,América do Sul,0,8,182,146,7,80.2
Yann Sommer,Switzerland,Europa,0,0,168,139,0,82.7
Yannick Ferreira Carrasco,Belgium,Europa,0,6,96,83,2,86.5
Yaser Esneider Asprilla Martínez,Colombia,América do Sul,0,2,12,11,1,91.7
Yeferson Julio Soteldo Martínez,Venezuela,América do Sul,0,4,112,82,2,73.2
Yerry Fernando Mina González,Colombia,América do Sul,0,0,47,39,0,83.0
Ylber Ramadani,Albania,Europa,0,0,108,97,2,89.8
Yomar Rene Rocha Rodriguez,Bolivia,América do Sul,0,0,43,32,2,74.4
Yordan Hernando Osorio Paredes,Venezuela,América do Sul,0,3,213,189,3,88.7
Youri Tielemans,Belgium,Europa,1,4,117,101,4,86.3
Youssouf Fofana,France,Europa,1,2,30,25,3,83.3
Yukhym Konoplya,Ukraine,Europa,0,0,42,32,1,76.2
Yunus Akgün,Turkey,Europa,0,0,17,15,0,88.2
Yunus Dimoara Musah,United States,América do Sul,0,0,41,36,3,87.8
Yussuf Yurary Poulsen,Denmark,Europa,0,0,20,12,6,60.0
Yusuf Yazıcı,Turkey,Europa,0,3,19,16,2,84.2
Zeno Debast,Belgium,Europa,0,0,106,95,3,89.6
Zsolt Nagy,Hungary,Europa,0,0,8,4,0,50.0
Zuriko Davitashvili,Georgia,Europa,0,2,39,35,1,89.7
Ádám Lang,Hungary,Europa,0,0,19,13,0,68.4
Ádám Nagy,Hungary,Europa,0,1,70,56,1,80.0
Álvaro Borja Morata Martín,Spain,Europa,1,14,112,79,13,70.5
Álvaro José Zamora Mata,Costa Rica,América do Sul,0,1,42,30,2,71.4
Ángel Fabián Di María Hernández,Argentina,América do Sul,0,6,174,132,1,75.9
Ángel Israel Mena Delgado,Ecuador,América do Sul,0,2,13,12,1,92.3
Ángel Rodrigo Romero Villamayor,Paraguay,América do Sul,0,3,16,12,0,75.0
Éder Gabriel Militão,Brazil,América do Sul,0,2,212,190,6,89.6
Éderson José dos Santos Lourenço da Silva,Brazil,América do Sul,0,0,14,13,1,92.9
Édison Michael Flores Peralta,Peru,América do Sul,0,2,33,21,7,63.6
İlkay Gündoğan,Germany,Europa,1,7,168,145,4,86.3
İrfan Can Kahveci,Turkey,Europa,0,0,0,0,0,
İsmail Yüksek,Turkey,Europa,0,1,99,92,4,92.9
Ľubomír Tupta,Slovakia,Europa,0,1,4,4,0,100.0
Łukasz Skorupski,Poland,Europa,0,0,29,23,0,79.3
Žan Celar,Slovenia,Europa,0,1,18,15,1,83.3
Žan Karničnik,Slovenia,Europa,1,3,190,149,3,78.4
Žan Vipotnik,Slovenia,Europa,0,0,3,1,1,33.3
